{
    "name": "root",
    "metadata": {
        "timer_format_version": "0.1.0",
        "start_time_seconds": "1651925520",
        "python_version": "3.9.9 (tags/v3.9.9:ccb0e6a, Nov 15 2021, 18:08:50) [MSC v.1929 64 bit (AMD64)]",
        "command_line_arguments": "C:\\Users\\Szesny\\Desktop\\Unity-AI-Learns-To-Park\\venv\\Scripts\\mlagents-learn --run-id=Test14",
        "mlagents_version": "0.29.0",
        "mlagents_envs_version": "0.29.0",
        "communication_protocol_version": "1.5.0",
        "pytorch_version": "1.7.1+cu110",
        "numpy_version": "1.21.2",
        "end_time_seconds": "1651925616"
    },
    "total": 95.4920961,
    "count": 1,
    "self": 0.004247499999991078,
    "children": {
        "run_training.setup": {
            "total": 0.021884799999999927,
            "count": 1,
            "self": 0.021884799999999927
        },
        "TrainerController.start_learning": {
            "total": 95.46596380000001,
            "count": 1,
            "self": 0.06572280000018793,
            "children": {
                "TrainerController._reset_env": {
                    "total": 5.348619599999999,
                    "count": 1,
                    "self": 5.348619599999999
                },
                "TrainerController.advance": {
                    "total": 89.97543349999981,
                    "count": 4504,
                    "self": 0.06014909999984752,
                    "children": {
                        "env_step": {
                            "total": 89.51075310000007,
                            "count": 4504,
                            "self": 74.58420810000031,
                            "children": {
                                "SubprocessEnvManager._take_step": {
                                    "total": 14.889202499999815,
                                    "count": 4504,
                                    "self": 0.17233119999978008,
                                    "children": {
                                        "TorchPolicy.evaluate": {
                                            "total": 14.716871300000035,
                                            "count": 4502,
                                            "self": 5.240232800000326,
                                            "children": {
                                                "TorchPolicy.sample_actions": {
                                                    "total": 9.476638499999709,
                                                    "count": 4502,
                                                    "self": 9.476638499999709
                                                }
                                            }
                                        }
                                    }
                                },
                                "workers": {
                                    "total": 0.03734249999995054,
                                    "count": 4503,
                                    "self": 0.0,
                                    "children": {
                                        "worker_root": {
                                            "total": 29.848635599999916,
                                            "count": 4503,
                                            "is_parallel": true,
                                            "self": 18.89792049999984,
                                            "children": {
                                                "steps_from_proto": {
                                                    "total": 0.0002783000000006197,
                                                    "count": 1,
                                                    "is_parallel": true,
                                                    "self": 0.00016040000000128174,
                                                    "children": {
                                                        "_process_rank_one_or_two_observation": {
                                                            "total": 0.00011789999999933798,
                                                            "count": 2,
                                                            "is_parallel": true,
                                                            "self": 0.00011789999999933798
                                                        }
                                                    }
                                                },
                                                "UnityEnvironment.step": {
                                                    "total": 10.950436800000075,
                                                    "count": 4503,
                                                    "is_parallel": true,
                                                    "self": 0.23184429999981404,
                                                    "children": {
                                                        "UnityEnvironment._generate_step_input": {
                                                            "total": 0.1898707000000064,
                                                            "count": 4503,
                                                            "is_parallel": true,
                                                            "self": 0.1898707000000064
                                                        },
                                                        "communicator.exchange": {
                                                            "total": 9.651501600000039,
                                                            "count": 4503,
                                                            "is_parallel": true,
                                                            "self": 9.651501600000039
                                                        },
                                                        "steps_from_proto": {
                                                            "total": 0.877220200000215,
                                                            "count": 4503,
                                                            "is_parallel": true,
                                                            "self": 0.5927373000000751,
                                                            "children": {
                                                                "_process_rank_one_or_two_observation": {
                                                                    "total": 0.28448290000013987,
                                                                    "count": 9006,
                                                                    "is_parallel": true,
                                                                    "self": 0.28448290000013987
                                                                }
                                                            }
                                                        }
                                                    }
                                                }
                                            }
                                        }
                                    }
                                }
                            }
                        },
                        "trainer_advance": {
                            "total": 0.4045312999998849,
                            "count": 4503,
                            "self": 0.07605229999991003,
                            "children": {
                                "process_trajectory": {
                                    "total": 0.3284789999999749,
                                    "count": 4503,
                                    "self": 0.3284789999999749
                                }
                            }
                        }
                    }
                },