{
    "name": "root",
    "metadata": {
        "timer_format_version": "0.1.0",
        "start_time_seconds": "1651930211",
        "python_version": "3.9.9 (tags/v3.9.9:ccb0e6a, Nov 15 2021, 18:08:50) [MSC v.1929 64 bit (AMD64)]",
        "command_line_arguments": "C:\\Users\\Szesny\\Desktop\\Unity-AI-Learns-To-Park\\venv\\Scripts\\mlagents-learn --run-id=Test18",
        "mlagents_version": "0.29.0",
        "mlagents_envs_version": "0.29.0",
        "communication_protocol_version": "1.5.0",
        "pytorch_version": "1.7.1+cu110",
        "numpy_version": "1.21.2",
        "end_time_seconds": "1651930286"
    },
    "total": 74.4326336,
    "count": 1,
    "self": 0.004874700000002008,
    "children": {
        "run_training.setup": {
            "total": 0.02228920000000001,
            "count": 1,
            "self": 0.02228920000000001
        },
        "TrainerController.start_learning": {
            "total": 74.4054697,
            "count": 1,
            "self": 0.11240279999991287,
            "children": {
                "TrainerController._reset_env": {
                    "total": 4.8576119,
                    "count": 1,
                    "self": 4.8576119
                },
                "TrainerController.advance": {
                    "total": 69.3617894000001,
                    "count": 8094,
                    "self": 0.10654619999968418,
                    "children": {
                        "env_step": {
                            "total": 68.57107070000006,
                            "count": 8094,
                            "self": 43.65410820000003,
                            "children": {
                                "SubprocessEnvManager._take_step": {
                                    "total": 24.84561930000028,
                                    "count": 8094,
                                    "self": 0.32159740000047066,
                                    "children": {
                                        "TorchPolicy.evaluate": {
                                            "total": 24.52402189999981,
                                            "count": 8094,
                                            "self": 8.596691399999582,
                                            "children": {
                                                "TorchPolicy.sample_actions": {
                                                    "total": 15.927330500000227,
                                                    "count": 8094,
                                                    "self": 15.927330500000227
                                                }
                                            }
                                        }
                                    }
                                },
                                "workers": {
                                    "total": 0.07134319999975247,
                                    "count": 8093,
                                    "self": 0.0,
                                    "children": {
                                        "worker_root": {
                                            "total": 50.84159639999954,
                                            "count": 8093,
                                            "is_parallel": true,
                                            "self": 31.471710199999194,
                                            "children": {
                                                "steps_from_proto": {
                                                    "total": 0.00034340000000021575,
                                                    "count": 1,
                                                    "is_parallel": true,
                                                    "self": 0.00022069999999985157,
                                                    "children": {
                                                        "_process_rank_one_or_two_observation": {
                                                            "total": 0.00012270000000036418,
                                                            "count": 2,
                                                            "is_parallel": true,
                                                            "self": 0.00012270000000036418
                                                        }
                                                    }
                                                },
                                                "UnityEnvironment.step": {
                                                    "total": 19.369542800000346,
                                                    "count": 8093,
                                                    "is_parallel": true,
                                                    "self": 0.42682330000113566,
                                                    "children": {
                                                        "UnityEnvironment._generate_step_input": {
                                                            "total": 0.3514518999997458,
                                                            "count": 8093,
                                                            "is_parallel": true,
                                                            "self": 0.3514518999997458
                                                        },
                                                        "communicator.exchange": {
                                                            "total": 16.95986199999967,
                                                            "count": 8093,
                                                            "is_parallel": true,
                                                            "self": 16.95986199999967
                                                        },
                                                        "steps_from_proto": {
                                                            "total": 1.6314055999997947,
                                                            "count": 8093,
                                                            "is_parallel": true,
                                                            "self": 1.093104399999537,
                                                            "children": {
                                                                "_process_rank_one_or_two_observation": {
                                                                    "total": 0.5383012000002578,
                                                                    "count": 16186,
                                                                    "is_parallel": true,
                                                                    "self": 0.5383012000002578
                                                                }
                                                            }
                                                        }
                                                    }
                                                }
                                            }
                                        }
                                    }
                                }
                            }
                        },
                        "trainer_advance": {
                            "total": 0.6841725000003649,
                            "count": 8093,
                            "self": 0.12589300000044812,
                            "children": {
                                "process_trajectory": {
                                    "total": 0.5582794999999168,
                                    "count": 8093,
                                    "self": 0.5582794999999168
                                }
                            }
                        }
                    }
                },