{
    "name": "root",
    "gauges": {
        "ParkAgent.Policy.Entropy.mean": {
            "value": 1.430958867073059,
            "min": 1.4260644912719727,
            "max": 1.430958867073059,
            "count": 29
        },
        "ParkAgent.Policy.Entropy.sum": {
            "value": 28926.833984375,
            "min": 27416.826171875,
            "max": 29748.609375,
            "count": 29
        },
        "ParkAgent.Environment.EpisodeLength.mean": {
            "value": 1346.6666666666667,
            "min": 311.578125,
            "max": 1842.0,
            "count": 29
        },
        "ParkAgent.Environment.EpisodeLength.sum": {
            "value": 20200.0,
            "min": 18480.0,
            "max": 21469.0,
            "count": 29
        },
        "ParkAgent.Step.mean": {
            "value": 1399705.0,
            "min": 839718.0,
            "max": 1399705.0,
            "count": 29
        },
        "ParkAgent.Step.sum": {
            "value": 1399705.0,
            "min": 839718.0,
            "max": 1399705.0,
            "count": 29
        },
        "ParkAgent.Policy.ExtrinsicValueEstimate.mean": {
            "value": -25.709976196289062,
            "min": -86.58138275146484,
            "max": -10.506173133850098,
            "count": 29
        },
        "ParkAgent.Policy.ExtrinsicValueEstimate.sum": {
            "value": -617.0394287109375,
            "min": -5060.20947265625,
            "max": -252.14816284179688,
            "count": 29
        },
        "ParkAgent.Environment.CumulativeReward.mean": {
            "value": -244.55503679911297,
            "min": -1040.2645141226906,
            "max": 129.4109369841489,
            "count": 29
        },
        "ParkAgent.Environment.CumulativeReward.sum": {
            "value": -3668.3255519866943,
            "min": -65139.32303905487,
            "max": 1423.5203068256378,
            "count": 29
        },
        "ParkAgent.Policy.ExtrinsicReward.mean": {
            "value": -244.55503679911297,
            "min": -1040.2645141226906,
            "max": 129.4109369841489,
            "count": 29
        },
        "ParkAgent.Policy.ExtrinsicReward.sum": {
            "value": -3668.3255519866943,
            "min": -65139.32303905487,
            "max": 1423.5203068256378,
            "count": 29
        },
        "ParkAgent.IsTraining.mean": {
            "value": 1.0,
            "min": 1.0,
            "max": 1.0,
            "count": 29
        },
        "ParkAgent.IsTraining.sum": {
            "value": 1.0,
            "min": 1.0,
            "max": 1.0,
            "count": 29
        },
        "ParkAgent.Losses.PolicyLoss.mean": {
            "value": 0.014047522959299386,
            "min": 0.01393161981832236,
            "max": 0.018853843864053487,
            "count": 27
        },
        "ParkAgent.Losses.PolicyLoss.sum": {
            "value": 0.014047522959299386,
            "min": 0.01393161981832236,
            "max": 0.018853843864053487,
            "count": 27
        },
        "ParkAgent.Losses.ValueLoss.mean": {
            "value": 1554.7654403686524,
            "min": 312.6568546295166,
            "max": 21289.150341796874,
            "count": 27
        },
        "ParkAgent.Losses.ValueLoss.sum": {
            "value": 1554.7654403686524,
            "min": 312.6568546295166,
            "max": 21289.150341796874,
            "count": 27
        },
        "ParkAgent.Policy.LearningRate.mean": {
            "value": 0.0002,
            "min": 0.0002,
            "max": 0.0002,
            "count": 27
        },
        "ParkAgent.Policy.LearningRate.sum": {
            "value": 0.0002,
            "min": 0.0002,
            "max": 0.0002,
            "count": 27
        },
        "ParkAgent.Policy.Epsilon.mean": {
            "value": 0.15,
            "min": 0.15,
            "max": 0.15,
            "count": 27
        },
        "ParkAgent.Policy.Epsilon.sum": {
            "value": 0.15,
            "min": 0.15,
            "max": 0.15,
            "count": 27
        },
        "ParkAgent.Policy.Beta.mean": {
            "value": 0.003,
            "min": 0.003,
            "max": 0.003,
            "count": 27
        },
        "ParkAgent.Policy.Beta.sum": {
            "value": 0.003,
            "min": 0.003,
            "max": 0.003,
            "count": 27
        }
    },
    "metadata": {
        "timer_format_version": "0.1.0",
        "start_time_seconds": "1652539677",
        "python_version": "3.9.9 (tags/v3.9.9:ccb0e6a, Nov 15 2021, 18:08:50) [MSC v.1929 64 bit (AMD64)]",
        "command_line_arguments": "C:\\Users\\Szesny\\Desktop\\Unity-AI-Learns-To-Park\\venv\\Scripts\\mlagents-learn config\\ParkAgent.yaml --run-id=A5 --resume",
        "mlagents_version": "0.28.0",
        "mlagents_envs_version": "0.28.0",
        "communication_protocol_version": "1.5.0",
        "pytorch_version": "1.7.1+cu110",
        "numpy_version": "1.22.3",
        "end_time_seconds": "1652542036"
    },
    "total": 2359.2539056,
    "count": 1,
    "self": 0.0039965000000847795,
    "children": {
        "run_training.setup": {
            "total": 0.07465830000000007,
            "count": 1,
            "self": 0.07465830000000007
        },
        "TrainerController.start_learning": {
            "total": 2359.1752508,
            "count": 1,
            "self": 7.832831099972282,
            "children": {
                "TrainerController._reset_env": {
                    "total": 5.571313099999999,
                    "count": 1,
                    "self": 5.571313099999999
                },
                "TrainerController.advance": {
                    "total": 2345.6949162000274,
                    "count": 591017,
                    "self": 7.237376800065704,
                    "children": {
                        "env_step": {
                            "total": 2186.3053161999865,
                            "count": 591017,
                            "self": 1064.6379574000996,
                            "children": {
                                "SubprocessEnvManager._take_step": {
                                    "total": 1116.7539340998756,
                                    "count": 591017,
                                    "self": 24.189804799905914,
                                    "children": {
                                        "TorchPolicy.evaluate": {
                                            "total": 1092.5641292999696,
                                            "count": 591017,
                                            "self": 602.2385503000878,
                                            "children": {
                                                "TorchPolicy.sample_actions": {
                                                    "total": 490.3255789998818,
                                                    "count": 591017,
                                                    "self": 490.3255789998818
                                                }
                                            }
                                        }
                                    }
                                },
                                "workers": {
                                    "total": 4.9134247000113875,
                                    "count": 591016,
                                    "self": 0.0,
                                    "children": {
                                        "worker_root": {
                                            "total": 2342.436323299946,
                                            "count": 591016,
                                            "is_parallel": true,
                                            "self": 1603.833451099932,