{
    "name": "root",
    "gauges": {
        "ParkAgent.Policy.Entropy.mean": {
            "value": 1.4557914733886719,
            "min": 1.4557914733886719,
            "max": 1.4557914733886719,
            "count": 1
        },
        "ParkAgent.Policy.Entropy.sum": {
            "value": 21599.578125,
            "min": 21599.578125,
            "max": 21599.578125,
            "count": 1
        },
        "ParkAgent.Step.mean": {
            "value": 379995.0,
            "min": 379995.0,
            "max": 379995.0,
            "count": 1
        },
        "ParkAgent.Step.sum": {
            "value": 379995.0,
            "min": 379995.0,
            "max": 379995.0,
            "count": 1
        },
        "ParkAgent.Policy.ExtrinsicValueEstimate.mean": {
            "value": -10.975457191467285,
            "min": -10.975457191467285,
            "max": -10.975457191467285,
            "count": 1
        },
        "ParkAgent.Policy.ExtrinsicValueEstimate.sum": {
            "value": -197.5582275390625,
            "min": -197.5582275390625,
            "max": -197.5582275390625,
            "count": 1
        },
        "ParkAgent.Environment.EpisodeLength.mean": {
            "value": 1152.0833333333333,
            "min": 1152.0833333333333,
            "max": 1152.0833333333333,
            "count": 1
        },
        "ParkAgent.Environment.EpisodeLength.sum": {
            "value": 13825.0,
            "min": 13825.0,
            "max": 13825.0,
            "count": 1
        },
        "ParkAgent.Environment.CumulativeReward.mean": {
            "value": -447.8421601454417,
            "min": -447.8421601454417,
            "max": -447.8421601454417,
            "count": 1
        },
        "ParkAgent.Environment.CumulativeReward.sum": {
            "value": -5374.1059217453,
            "min": -5374.1059217453,
            "max": -5374.1059217453,
            "count": 1
        },
        "ParkAgent.Policy.ExtrinsicReward.mean": {
            "value": -447.8421601454417,
            "min": -447.8421601454417,
            "max": -447.8421601454417,
            "count": 1
        },
        "ParkAgent.Policy.ExtrinsicReward.sum": {
            "value": -5374.1059217453,
            "min": -5374.1059217453,
            "max": -5374.1059217453,
            "count": 1
        },
        "ParkAgent.IsTraining.mean": {
            "value": 1.0,
            "min": 1.0,
            "max": 1.0,
            "count": 1
        },
        "ParkAgent.IsTraining.sum": {
            "value": 1.0,
            "min": 1.0,
            "max": 1.0,
            "count": 1
        }
    },
    "metadata": {
        "timer_format_version": "0.1.0",
        "start_time_seconds": "1652535977",
        "python_version": "3.9.9 (tags/v3.9.9:ccb0e6a, Nov 15 2021, 18:08:50) [MSC v.1929 64 bit (AMD64)]",
        "command_line_arguments": "C:\\Users\\Szesny\\Desktop\\Unity-AI-Learns-To-Park\\venv\\Scripts\\mlagents-learn config\\ParkAgent.yaml --run-id=A4 --resume",
        "mlagents_version": "0.28.0",
        "mlagents_envs_version": "0.28.0",
        "communication_protocol_version": "1.5.0",
        "pytorch_version": "1.7.1+cu110",
        "numpy_version": "1.22.3",
        "end_time_seconds": "1652536120"
    },
    "total": 142.979319,
    "count": 1,
    "self": 0.004367999999999483,
    "children": {
        "run_training.setup": {
            "total": 0.073488,
            "count": 1,
            "self": 0.073488
        },
        "TrainerController.start_learning": {
            "total": 142.901463,
            "count": 1,
            "self": 0.3207513000004383,
            "children": {
                "TrainerController._reset_env": {
                    "total": 4.3511689,
                    "count": 1,
                    "self": 4.3511689
                },
                "TrainerController.advance": {
                    "total": 138.14621129999955,
                    "count": 24384,
                    "self": 0.298283399999292,
                    "children": {
                        "env_step": {
                            "total": 132.51316200000002,
                            "count": 24384,
                            "self": 86.88282120000008,
                            "children": {
                                "SubprocessEnvManager._take_step": {
                                    "total": 45.43806499999964,
                                    "count": 24384,
                                    "self": 0.9571483999995465,
                                    "children": {
                                        "TorchPolicy.evaluate": {
                                            "total": 44.48091660000009,
                                            "count": 24384,
                                            "self": 24.38495660000006,
                                            "children": {
                                                "TorchPolicy.sample_actions": {
                                                    "total": 20.095960000000034,
                                                    "count": 24384,
                                                    "self": 20.095960000000034
                                                }
                                            }
                                        }
                                    }
                                },
                                "workers": {
                                    "total": 0.19227580000029398,
                                    "count": 24383,
                                    "self": 0.0,
                                    "children": {
                                        "worker_root": {
                                            "total": 96.05446100000012,
                                            "count": 24383,
                                            "is_parallel": true,
                                            "self": 65.41216110000028,
                                            "children": {
                                                "steps_from_proto": {
                                                    "total": 0.0002821000000001739,
                                                    "count": 1,
                                                    "is_parallel": true,
                                                    "self": 0.00011539999999943262,
                                                    "children": {
                                                        "_process_rank_one_or_two_observation": {
                                                            "total": 0.00016670000000074126,
                                                            "count": 4,
                                                            "is_parallel": true,
                                                            "self": 0.00016670000000074126
                                                        }
                                                    }
                                                },
                                                "UnityEnvironment.step": {
                                                    "total": 30.642017799999845,
                                                    "count": 24383,
                                                    "is_parallel": true,
                                                    "self": 1.2088730999994475,
                                                    "children": {
                                                        "UnityEnvironment._generate_step_input": {
                                                            "total": 0.9251928999998462,
                                                            "count": 24383,
                                                            "is_parallel": true,