{
    "name": "root",
    "metadata": {
        "timer_format_version": "0.1.0",
        "start_time_seconds": "1652457395",
        "python_version": "3.9.9 (tags/v3.9.9:ccb0e6a, Nov 15 2021, 18:08:50) [MSC v.1929 64 bit (AMD64)]",
        "command_line_arguments": "C:\\Users\\Szesny\\Desktop\\Unity-AI-Learns-To-Park\\venv\\Scripts\\mlagents-learn --run-id=A4 --time-scale=10",
        "mlagents_version": "0.28.0",
        "mlagents_envs_version": "0.28.0",
        "communication_protocol_version": "1.5.0",
        "pytorch_version": "1.7.1+cu110",
        "numpy_version": "1.22.3",
        "end_time_seconds": "1652457436"
    },
    "total": 41.0927486,
    "count": 1,
    "self": 0.006562700000003474,
    "children": {
        "run_training.setup": {
            "total": 0.02102789999999999,
            "count": 1,
            "self": 0.02102789999999999
        },
        "TrainerController.start_learning": {
            "total": 41.065158,
            "count": 1,
            "self": 0.08497069999973661,
            "children": {
                "TrainerController._reset_env": {
                    "total": 6.7028319000000005,
                    "count": 1,
                    "self": 6.7028319000000005
                },
                "TrainerController.advance": {
                    "total": 34.188440800000265,
                    "count": 5759,
                    "self": 0.08125250000041007,
                    "children": {
                        "env_step": {
                            "total": 33.54187609999993,
                            "count": 5759,
                            "self": 13.635595500000182,
                            "children": {
                                "SubprocessEnvManager._take_step": {
                                    "total": 19.85605870000004,
                                    "count": 5759,
                                    "self": 0.23068459999996094,
                                    "children": {
                                        "TorchPolicy.evaluate": {
                                            "total": 19.62537410000008,
                                            "count": 5759,
                                            "self": 7.1033099000002355,
                                            "children": {
                                                "TorchPolicy.sample_actions": {
                                                    "total": 12.522064199999845,
                                                    "count": 5759,
                                                    "self": 12.522064199999845
                                                }
                                            }
                                        }
                                    }
                                },
                                "workers": {
                                    "total": 0.05022189999970905,
                                    "count": 5758,
                                    "self": 0.0,
                                    "children": {
                                        "worker_root": {
                                            "total": 35.1231079,
                                            "count": 5758,
                                            "is_parallel": true,
                                            "self": 25.126057099999844,
                                            "children": {
                                                "steps_from_proto": {
                                                    "total": 0.0005183000000004157,
                                                    "count": 1,
                                                    "is_parallel": true,
                                                    "self": 0.00025470000000016313,
                                                    "children": {
                                                        "_process_rank_one_or_two_observation": {
                                                            "total": 0.0002636000000002525,
                                                            "count": 4,
                                                            "is_parallel": true,
                                                            "self": 0.0002636000000002525
                                                        }
                                                    }
                                                },
                                                "UnityEnvironment.step": {
                                                    "total": 9.996532500000157,
                                                    "count": 5758,
                                                    "is_parallel": true,
                                                    "self": 0.33552830000000355,
                                                    "children": {
                                                        "UnityEnvironment._generate_step_input": {
                                                            "total": 0.26016470000003533,
                                                            "count": 5758,
                                                            "is_parallel": true,
                                                            "self": 0.26016470000003533
                                                        },
                                                        "communicator.exchange": {
                                                            "total": 7.943497400000139,
                                                            "count": 5758,
                                                            "is_parallel": true,
                                                            "self": 7.943497400000139
                                                        },
                                                        "steps_from_proto": {
                                                            "total": 1.4573420999999804,
                                                            "count": 5758,
                                                            "is_parallel": true,
                                                            "self": 0.8564230000004969,
                                                            "children": {
                                                                "_process_rank_one_or_two_observation": {
                                                                    "total": 0.6009190999994836,
                                                                    "count": 23032,
                                                                    "is_parallel": true,
                                                                    "self": 0.6009190999994836
                                                                }
                                                            }
                                                        }
                                                    }
                                                }
                                            }
                                        }
                                    }
                                }
                            }
                        },
                        "trainer_advance": {
                            "total": 0.5653121999999211,
                            "count": 5758,
                            "self": 0.0942793999996443,
                            "children": {
                                "process_trajectory": {
                                    "total": 0.4710328000002768,
                                    "count": 5758,
                                    "self": 0.4710328000002768
                                }
                            }
                        }
                    }
                },