{
    "name": "root",
    "gauges": {
        "ParkAgent.Policy.Entropy.mean": {
            "value": 0.3556806743144989,
            "min": 0.26582661271095276,
            "max": 0.3980950117111206,
            "count": 465
        },
        "ParkAgent.Policy.Entropy.sum": {
            "value": 7193.2861328125,
            "min": 2245.703125,
            "max": 8240.47265625,
            "count": 465
        },
        "ParkAgent.Environment.EpisodeLength.mean": {
            "value": 76.03461538461538,
            "min": 64.58888888888889,
            "max": 80.84489795918367,
            "count": 465
        },
        "ParkAgent.Environment.EpisodeLength.sum": {
            "value": 19769.0,
            "min": 5813.0,
            "max": 20425.0,
            "count": 465
        },
        "ParkAgent.Step.mean": {
            "value": 119999955.0,
            "min": 110719990.0,
            "max": 119999955.0,
            "count": 465
        },
        "ParkAgent.Step.sum": {
            "value": 119999955.0,
            "min": 110719990.0,
            "max": 119999955.0,
            "count": 465
        },
        "ParkAgent.Policy.ExtrinsicValueEstimate.mean": {
            "value": 0.9837019443511963,
            "min": 0.9211054444313049,
            "max": 1.0641603469848633,
            "count": 465
        },
        "ParkAgent.Policy.ExtrinsicValueEstimate.sum": {
            "value": 255.76251220703125,
            "min": 85.02342224121094,
            "max": 315.05841064453125,
            "count": 465
        },
        "ParkAgent.Environment.CumulativeReward.mean": {
            "value": 2.8748699701749363,
            "min": 2.7871420901016832,
            "max": 2.94980008344617,
            "count": 465
        },
        "ParkAgent.Environment.CumulativeReward.sum": {
            "value": 747.4661922454834,
            "min": 254.78035378456116,
            "max": 870.3484625816345,
            "count": 465
        },
        "ParkAgent.Policy.ExtrinsicReward.mean": {
            "value": 2.8748699701749363,
            "min": 2.7871420901016832,
            "max": 2.94980008344617,
            "count": 465
        },
        "ParkAgent.Policy.ExtrinsicReward.sum": {
            "value": 747.4661922454834,
            "min": 254.78035378456116,
            "max": 870.3484625816345,
            "count": 465
        },
        "ParkAgent.IsTraining.mean": {
            "value": 1.0,
            "min": 1.0,
            "max": 1.0,
            "count": 465
        },
        "ParkAgent.IsTraining.sum": {
            "value": 1.0,
            "min": 1.0,
            "max": 1.0,
            "count": 465
        },
        "ParkAgent.Losses.PolicyLoss.mean": {
            "value": 0.013443488581106066,
            "min": 0.01140000110026449,
            "max": 0.02332540787756443,
            "count": 451
        },
        "ParkAgent.Losses.PolicyLoss.sum": {
            "value": 0.013443488581106066,
            "min": 0.01140000110026449,
            "max": 0.02332540787756443,
            "count": 451
        },
        "ParkAgent.Losses.ValueLoss.mean": {
            "value": 0.0160318564157933,
            "min": 0.00801627355394885,
            "max": 0.040063882758840916,
            "count": 451
        },
        "ParkAgent.Losses.ValueLoss.sum": {
            "value": 0.0160318564157933,
            "min": 0.00801627355394885,
            "max": 0.040063882758840916,
            "count": 451
        },
        "ParkAgent.Policy.LearningRate.mean": {
            "value": 0.0002,
            "min": 0.0002,
            "max": 0.0002,
            "count": 451
        },
        "ParkAgent.Policy.LearningRate.sum": {
            "value": 0.0002,
            "min": 0.0002,
            "max": 0.0002,
            "count": 451
        },
        "ParkAgent.Policy.Epsilon.mean": {
            "value": 0.15,
            "min": 0.15,
            "max": 0.15,
            "count": 451
        },
        "ParkAgent.Policy.Epsilon.sum": {
            "value": 0.15,
            "min": 0.15,
            "max": 0.15,
            "count": 451
        },
        "ParkAgent.Policy.Beta.mean": {
            "value": 0.003,
            "min": 0.003,
            "max": 0.003,
            "count": 451
        },
        "ParkAgent.Policy.Beta.sum": {
            "value": 0.003,
            "min": 0.003,
            "max": 0.003,
            "count": 451
        }
    },
    "metadata": {
        "timer_format_version": "0.1.0",
        "start_time_seconds": "1654430398",
        "python_version": "3.9.9 (tags/v3.9.9:ccb0e6a, Nov 15 2021, 18:08:50) [MSC v.1929 64 bit (AMD64)]",
        "command_line_arguments": "C:\\Users\\Szesny\\AppData\\Local\\Programs\\Python\\Python39\\Scripts\\mlagents-learn config\\ParkAgent.yaml --run-id=A1 --resume",
        "mlagents_version": "0.28.0",
        "mlagents_envs_version": "0.28.0",
        "communication_protocol_version": "1.5.0",
        "pytorch_version": "1.7.1+cu110",
        "numpy_version": "1.22.3",
        "end_time_seconds": "1654436600"
    },
    "total": 6201.6694676,
    "count": 1,
    "self": 0.004245699999046337,
    "children": {
        "run_training.setup": {
            "total": 0.0720516,
            "count": 1,
            "self": 0.0720516
        },
        "TrainerController.start_learning": {
            "total": 6201.593170300001,
            "count": 1,
            "self": 4.218142500033537,
            "children": {
                "TrainerController._reset_env": {
                    "total": 17.9930178,
                    "count": 1,
                    "self": 17.9930178
                },
                "TrainerController.advance": {
                    "total": 6179.3085865999665,
                    "count": 231170,
                    "self": 4.12726990027204,
                    "children": {
                        "env_step": {
                            "total": 3382.546013499795,
                            "count": 231170,
                            "self": 2785.2408421998425,
                            "children": {
                                "SubprocessEnvManager._take_step": {
                                    "total": 594.9331441998079,
                                    "count": 231170,
                                    "self": 10.987863099611673,
                                    "children": {
                                        "TorchPolicy.evaluate": {
                                            "total": 583.9452811001962,
                                            "count": 145316,
                                            "self": 217.29990600015026,
                                            "children": {
                                                "TorchPolicy.sample_actions": {
                                                    "total": 366.64537510004595,
                                                    "count": 145316,
                                                    "self": 366.64537510004595
                                                }
                                            }
                                        }
                                    }
                                },
                                "workers": {
                                    "total": 2.372027100144578,
                                    "count": 231169,
                                    "self": 0.0,
                                    "children": {
                                        "worker_root": {
                                            "total": 6179.325424400202,
                                            "count": 231169,
                                            "is_parallel": true,
                                            "self": 3770.544575600086,