{
    "name": "root",
    "gauges": {
        "ParkAgent.Policy.Entropy.mean": {
            "value": 1.433385968208313,
            "min": 1.418938398361206,
            "max": 1.433385968208313,
            "count": 7
        },
        "ParkAgent.Policy.Entropy.sum": {
            "value": 28431.2109375,
            "min": 27906.529296875,
            "max": 29053.328125,
            "count": 7
        },
        "ParkAgent.Step.mean": {
            "value": 139256.0,
            "min": 19325.0,
            "max": 139256.0,
            "count": 7
        },
        "ParkAgent.Step.sum": {
            "value": 139256.0,
            "min": 19325.0,
            "max": 139256.0,
            "count": 7
        },
        "ParkAgent.Policy.ExtrinsicValueEstimate.mean": {
            "value": -0.42092379927635193,
            "min": -6.7681989669799805,
            "max": 0.1926538497209549,
            "count": 7
        },
        "ParkAgent.Policy.ExtrinsicValueEstimate.sum": {
            "value": -9.260323524475098,
            "min": -169.20497131347656,
            "max": 4.23838472366333,
            "count": 7
        },
        "ParkAgent.Environment.EpisodeLength.mean": {
            "value": 1601.6923076923076,
            "min": 1304.0,
            "max": 1846.7272727272727,
            "count": 7
        },
        "ParkAgent.Environment.EpisodeLength.sum": {
            "value": 20822.0,
            "min": 19127.0,
            "max": 20822.0,
            "count": 7
        },
        "ParkAgent.Environment.CumulativeReward.mean": {
            "value": 61.05790638923645,
            "min": -619.6951348940531,
            "max": 61.89792668024699,
            "count": 7
        },
        "ParkAgent.Environment.CumulativeReward.sum": {
            "value": 732.6948766708374,
            "min": -9295.427023410797,
            "max": 928.4689002037048,
            "count": 7
        },
        "ParkAgent.Policy.ExtrinsicReward.mean": {
            "value": 61.05790638923645,
            "min": -619.6951348940531,
            "max": 61.89792668024699,
            "count": 7
        },
        "ParkAgent.Policy.ExtrinsicReward.sum": {
            "value": 732.6948766708374,
            "min": -9295.427023410797,
            "max": 928.4689002037048,
            "count": 7
        },
        "ParkAgent.IsTraining.mean": {
            "value": 1.0,
            "min": 1.0,
            "max": 1.0,
            "count": 7
        },
        "ParkAgent.IsTraining.sum": {
            "value": 1.0,
            "min": 1.0,
            "max": 1.0,
            "count": 7
        },
        "ParkAgent.Losses.PolicyLoss.mean": {
            "value": 0.014720833534374833,
            "min": 0.014573017664952203,
            "max": 0.019255561474710702,
            "count": 6
        },
        "ParkAgent.Losses.PolicyLoss.sum": {
            "value": 0.014720833534374833,
            "min": 0.014573017664952203,
            "max": 0.019255561474710702,
            "count": 6
        },
        "ParkAgent.Losses.ValueLoss.mean": {
            "value": 4.005486643314361,
            "min": 4.005486643314361,
            "max": 5075.056336975098,
            "count": 6
        },
        "ParkAgent.Losses.ValueLoss.sum": {
            "value": 4.005486643314361,
            "min": 4.005486643314361,
            "max": 5075.056336975098,
            "count": 6
        },
        "ParkAgent.Policy.LearningRate.mean": {
            "value": 0.0002,
            "min": 0.0002,
            "max": 0.0002,
            "count": 6
        },
        "ParkAgent.Policy.LearningRate.sum": {
            "value": 0.0002,
            "min": 0.0002,
            "max": 0.0002,
            "count": 6
        },
        "ParkAgent.Policy.Epsilon.mean": {
            "value": 0.15,
            "min": 0.15,
            "max": 0.15,
            "count": 6
        },
        "ParkAgent.Policy.Epsilon.sum": {
            "value": 0.15,
            "min": 0.15,
            "max": 0.15,
            "count": 6
        },
        "ParkAgent.Policy.Beta.mean": {
            "value": 0.003,
            "min": 0.003,
            "max": 0.003,
            "count": 6
        },
        "ParkAgent.Policy.Beta.sum": {
            "value": 0.003,
            "min": 0.003,
            "max": 0.003,
            "count": 6
        }
    },
    "metadata": {
        "timer_format_version": "0.1.0",
        "start_time_seconds": "1652524517",
        "python_version": "3.9.9 (tags/v3.9.9:ccb0e6a, Nov 15 2021, 18:08:50) [MSC v.1929 64 bit (AMD64)]",
        "command_line_arguments": "C:\\Users\\Szesny\\Desktop\\Unity-AI-Learns-To-Park\\venv\\Scripts\\mlagents-learn config\\ParkAgent.yaml --run-id=A1",
        "mlagents_version": "0.28.0",
        "mlagents_envs_version": "0.28.0",
        "communication_protocol_version": "1.5.0",
        "pytorch_version": "1.7.1+cu110",
        "numpy_version": "1.22.3",
        "end_time_seconds": "1652525202"
    },
    "total": 684.6323579000001,
    "count": 1,
    "self": 0.004481000000055246,
    "children": {
        "run_training.setup": {
            "total": 0.07034280000000004,
            "count": 1,
            "self": 0.07034280000000004
        },
        "TrainerController.start_learning": {
            "total": 684.5575341,
            "count": 1,
            "self": 2.0332810000006702,
            "children": {
                "TrainerController._reset_env": {
                    "total": 5.2022324,
                    "count": 1,
                    "self": 5.2022324
                },
                "TrainerController.advance": {
                    "total": 677.2414778999994,
                    "count": 146817,
                    "self": 1.996031999992283,
                    "children": {
                        "env_step": {
                            "total": 641.9689718999927,
                            "count": 146817,
                            "self": 336.0615023999566,
                            "children": {
                                "SubprocessEnvManager._take_step": {
                                    "total": 304.62916990001054,
                                    "count": 146817,
                                    "self": 6.167175800012842,
                                    "children": {
                                        "TorchPolicy.evaluate": {
                                            "total": 298.4619940999977,
                                            "count": 146817,
                                            "self": 172.89234099997503,
                                            "children": {
                                                "TorchPolicy.sample_actions": {
                                                    "total": 125.56965310002265,
                                                    "count": 146817,
                                                    "self": 125.56965310002265
                                                }
                                            }
                                        }
                                    }
                                },
                                "workers": {
                                    "total": 1.2782996000254752,
                                    "count": 146816,
                                    "self": 0.0,
                                    "children": {
                                        "worker_root": {
                                            "total": 616.7403952999986,
                                            "count": 146816,
                                            "is_parallel": true,
                                            "self": 425.3124057999995,
                                            "children": {
                                                "steps_from_proto": {
                                                    "total": 0.0003343000000004537,