{
    "name": "root",
    "metadata": {
        "timer_format_version": "0.1.0",
        "start_time_seconds": "1652468331",
        "python_version": "3.9.9 (tags/v3.9.9:ccb0e6a, Nov 15 2021, 18:08:50) [MSC v.1929 64 bit (AMD64)]",
        "command_line_arguments": "C:\\Users\\Szesny\\Desktop\\Unity-AI-Learns-To-Park\\venv\\Scripts\\mlagents-learn --run-id=C22 --time-scale=1",
        "mlagents_version": "0.28.0",
        "mlagents_envs_version": "0.28.0",
        "communication_protocol_version": "1.5.0",
        "pytorch_version": "1.7.1+cu110",
        "numpy_version": "1.22.3",
        "end_time_seconds": "1652468517"
    },
    "total": 186.0753181,
    "count": 1,
    "self": 0.004555200000027071,
    "children": {
        "run_training.setup": {
            "total": 0.021687000000000012,
            "count": 1,
            "self": 0.021687000000000012
        },
        "TrainerController.start_learning": {
            "total": 186.0490759,
            "count": 1,
            "self": 0.34606279999908907,
            "children": {
                "TrainerController._reset_env": {
                    "total": 5.0742811,
                    "count": 1,
                    "self": 5.0742811
                },
                "TrainerController.advance": {
                    "total": 180.5766513000009,
                    "count": 21724,
                    "self": 0.3505754999991382,
                    "children": {
                        "env_step": {
                            "total": 175.22152179999998,
                            "count": 21724,
                            "self": 134.04286190000096,
                            "children": {
                                "SubprocessEnvManager._take_step": {
                                    "total": 40.96740229999951,
                                    "count": 21724,
                                    "self": 0.9964916000004749,
                                    "children": {
                                        "TorchPolicy.evaluate": {
                                            "total": 39.97091069999904,
                                            "count": 21724,
                                            "self": 21.97528889999996,
                                            "children": {
                                                "TorchPolicy.sample_actions": {
                                                    "total": 17.99562179999908,
                                                    "count": 21724,
                                                    "self": 17.99562179999908
                                                }
                                            }
                                        }
                                    }
                                },
                                "workers": {
                                    "total": 0.21125759999949967,
                                    "count": 21723,
                                    "self": 0.0,
                                    "children": {
                                        "worker_root": {
                                            "total": 160.56301479999877,
                                            "count": 21723,
                                            "is_parallel": true,
                                            "self": 62.26693379999769,
                                            "children": {
                                                "steps_from_proto": {
                                                    "total": 0.00033550000000026614,
                                                    "count": 1,
                                                    "is_parallel": true,
                                                    "self": 0.00010720000000041807,
                                                    "children": {
                                                        "_process_rank_one_or_two_observation": {
                                                            "total": 0.00022829999999984807,
                                                            "count": 4,
                                                            "is_parallel": true,
                                                            "self": 0.00022829999999984807
                                                        }
                                                    }
                                                },
                                                "UnityEnvironment.step": {
                                                    "total": 98.29574550000108,
                                                    "count": 21723,
                                                    "is_parallel": true,
                                                    "self": 1.5496820000023348,
                                                    "children": {
                                                        "UnityEnvironment._generate_step_input": {
                                                            "total": 1.0558677000004453,
                                                            "count": 21723,
                                                            "is_parallel": true,
                                                            "self": 1.0558677000004453
                                                        },
                                                        "communicator.exchange": {
                                                            "total": 90.81813999999933,
                                                            "count": 21723,
                                                            "is_parallel": true,
                                                            "self": 90.81813999999933
                                                        },
                                                        "steps_from_proto": {
                                                            "total": 4.872055799998957,
                                                            "count": 21723,
                                                            "is_parallel": true,
                                                            "self": 2.1244051999973177,
                                                            "children": {
                                                                "_process_rank_one_or_two_observation": {
                                                                    "total": 2.7476506000016396,
                                                                    "count": 86892,
                                                                    "is_parallel": true,
                                                                    "self": 2.7476506000016396
                                                                }
                                                            }
                                                        }
                                                    }
                                                }
                                            }
                                        }
                                    }
                                }
                            }
                        },
                        "trainer_advance": {
                            "total": 5.004554000001769,
                            "count": 21723,
                            "self": 0.42375030000232794,
                            "children": {
                                "process_trajectory": {
                                    "total": 1.7465578999994218,
                                    "count": 21723,
                                    "self": 1.7465578999994218
                                },