{
    "name": "root",
    "gauges": {
        "ParkAgent.Policy.Entropy.mean": {
            "value": 1.6980171203613281,
            "min": 1.6980171203613281,
            "max": 1.6980171203613281,
            "count": 1
        },
        "ParkAgent.Policy.Entropy.sum": {
            "value": 84921.234375,
            "min": 84921.234375,
            "max": 84921.234375,
            "count": 1
        },
        "ParkAgent.Step.mean": {
            "value": 49948.0,
            "min": 49948.0,
            "max": 49948.0,
            "count": 1
        },
        "ParkAgent.Step.sum": {
            "value": 49948.0,
            "min": 49948.0,
            "max": 49948.0,
            "count": 1
        },
        "ParkAgent.Policy.ExtrinsicValueEstimate.mean": {
            "value": 6.885465621948242,
            "min": 6.885465621948242,
            "max": 6.885465621948242,
            "count": 1
        },
        "ParkAgent.Policy.ExtrinsicValueEstimate.sum": {
            "value": 5900.84423828125,
            "min": 5900.84423828125,
            "max": 5900.84423828125,
            "count": 1
        },
        "ParkAgent.Environment.EpisodeLength.mean": {
            "value": 311.0759493670886,
            "min": 311.0759493670886,
            "max": 311.0759493670886,
            "count": 1
        },
        "ParkAgent.Environment.EpisodeLength.sum": {
            "value": 49150.0,
            "min": 49150.0,
            "max": 49150.0,
            "count": 1
        },
        "ParkAgent.Environment.CumulativeReward.mean": {
            "value": 6.915126095561287,
            "min": 6.915126095561287,
            "max": 6.915126095561287,
            "count": 1
        },
        "ParkAgent.Environment.CumulativeReward.sum": {
            "value": 1092.5899230986834,
            "min": 1092.5899230986834,
            "max": 1092.5899230986834,
            "count": 1
        },
        "ParkAgent.Policy.ExtrinsicReward.mean": {
            "value": 6.915126095561287,
            "min": 6.915126095561287,
            "max": 6.915126095561287,
            "count": 1
        },
        "ParkAgent.Policy.ExtrinsicReward.sum": {
            "value": 1092.5899230986834,
            "min": 1092.5899230986834,
            "max": 1092.5899230986834,
            "count": 1
        },
        "ParkAgent.Losses.PolicyLoss.mean": {
            "value": 0.027247355270083064,
            "min": 0.027247355270083064,
            "max": 0.027247355270083064,
            "count": 1
        },
        "ParkAgent.Losses.PolicyLoss.sum": {
            "value": 0.10898942108033226,
            "min": 0.10898942108033226,
            "max": 0.10898942108033226,
            "count": 1
        },
        "ParkAgent.Losses.ValueLoss.mean": {
            "value": 2.807770251482725,
            "min": 2.807770251482725,
            "max": 2.807770251482725,
            "count": 1
        },
        "ParkAgent.Losses.ValueLoss.sum": {
            "value": 11.2310810059309,
            "min": 11.2310810059309,
            "max": 11.2310810059309,
            "count": 1
        },
        "ParkAgent.Policy.LearningRate.mean": {
            "value": 0.0002845837551387499,
            "min": 0.0002845837551387499,
            "max": 0.0002845837551387499,
            "count": 1
        },
        "ParkAgent.Policy.LearningRate.sum": {
            "value": 0.0011383350205549996,
            "min": 0.0011383350205549996,
            "max": 0.0011383350205549996,
            "count": 1
        },
        "ParkAgent.Policy.Epsilon.mean": {
            "value": 0.19486124999999999,
            "min": 0.19486124999999999,
            "max": 0.19486124999999999,
            "count": 1
        },
        "ParkAgent.Policy.Epsilon.sum": {
            "value": 0.7794449999999999,
            "min": 0.7794449999999999,
            "max": 0.7794449999999999,
            "count": 1
        },
        "ParkAgent.Policy.Beta.mean": {
            "value": 0.004743576374999999,
            "min": 0.004743576374999999,
            "max": 0.004743576374999999,
            "count": 1
        },
        "ParkAgent.Policy.Beta.sum": {
            "value": 0.018974305499999997,
            "min": 0.018974305499999997,
            "max": 0.018974305499999997,
            "count": 1
        },
        "ParkAgent.IsTraining.mean": {
            "value": 1.0,
            "min": 1.0,
            "max": 1.0,
            "count": 1
        },
        "ParkAgent.IsTraining.sum": {
            "value": 1.0,
            "min": 1.0,
            "max": 1.0,
            "count": 1
        }
    },
    "metadata": {
        "timer_format_version": "0.1.0",
        "start_time_seconds": "1651492819",
        "python_version": "3.9.9 (tags/v3.9.9:ccb0e6a, Nov 15 2021, 18:08:50) [MSC v.1929 64 bit (AMD64)]",
        "command_line_arguments": "C:\\Users\\Szesny\\Desktop\\Unity-AI-Learns-To-Park\\venv\\Scripts\\mlagents-learn --run-id=Test9",
        "mlagents_version": "0.29.0",
        "mlagents_envs_version": "0.29.0",
        "communication_protocol_version": "1.5.0",
        "pytorch_version": "1.7.1+cu110",
        "numpy_version": "1.21.2",
        "end_time_seconds": "1651493395"
    },
    "total": 576.2800977,
    "count": 1,
    "self": 0.0043690000001106455,
    "children": {
        "run_training.setup": {
            "total": 0.02250719999999995,
            "count": 1,
            "self": 0.02250719999999995
        },
        "TrainerController.start_learning": {
            "total": 576.2532215,
            "count": 1,
            "self": 1.1054325999964476,
            "children": {
                "TrainerController._reset_env": {
                    "total": 9.9231277,
                    "count": 1,
                    "self": 9.9231277
                },
                "TrainerController.advance": {
                    "total": 565.1438435000035,
                    "count": 75485,
                    "self": 1.0468539000017927,
                    "children": {
                        "env_step": {
                            "total": 547.4240761000049,
                            "count": 75485,
                            "self": 286.780686300005,
                            "children": {
                                "SubprocessEnvManager._take_step": {
                                    "total": 259.93666480000155,
                                    "count": 75485,
                                    "self": 3.1360321000051954,
                                    "children": {
                                        "TorchPolicy.evaluate": {
                                            "total": 256.80063269999636,
                                            "count": 75321,
                                            "self": 93.53300259999924,
                                            "children": {
                                                "TorchPolicy.sample_actions": {
                                                    "total": 163.26763009999712,
                                                    "count": 75321,
                                                    "self": 163.26763009999712
                                                }
                                            }
                                        }
                                    }
                                },
                                "workers": {
                                    "total": 0.7067249999982756,
                                    "count": 75484,
                                    "self": 0.0,
                                    "children": {
                                        "worker_root": {
                                            "total": 504.72269470000225,
                                            "count": 75484,
                                            "is_parallel": true,