{
    "name": "root",
    "metadata": {
        "timer_format_version": "0.1.0",
        "start_time_seconds": "1652478699",
        "python_version": "3.9.9 (tags/v3.9.9:ccb0e6a, Nov 15 2021, 18:08:50) [MSC v.1929 64 bit (AMD64)]",
        "command_line_arguments": "C:\\Users\\Szesny\\Desktop\\Unity-AI-Learns-To-Park\\venv\\Scripts\\mlagents-learn config/ParkAgent.yaml --run-id=C31",
        "mlagents_version": "0.28.0",
        "mlagents_envs_version": "0.28.0",
        "communication_protocol_version": "1.5.0",
        "pytorch_version": "1.7.1+cu110",
        "numpy_version": "1.22.3",
        "end_time_seconds": "1652479980"
    },
    "total": 1281.0869385,
    "count": 1,
    "self": 0.004155200000241166,
    "children": {
        "run_training.setup": {
            "total": 0.07371430000000001,
            "count": 1,
            "self": 0.07371430000000001
        },
        "TrainerController.start_learning": {
            "total": 1281.009069,
            "count": 1,
            "self": 5.292558399991094,
            "children": {
                "TrainerController._reset_env": {
                    "total": 3.8827258999999996,
                    "count": 1,
                    "self": 3.8827258999999996
                },
                "TrainerController.advance": {
                    "total": 1271.761474900009,
                    "count": 284967,
                    "self": 2.4887050000199906,
                    "children": {
                        "env_step": {
                            "total": 1269.272769899989,
                            "count": 284967,
                            "self": 660.0099962999917,
                            "children": {
                                "SubprocessEnvManager._take_step": {
                                    "total": 606.7179142000291,
                                    "count": 284967,
                                    "self": 12.762868700044919,
                                    "children": {
                                        "TorchPolicy.evaluate": {
                                            "total": 593.9550454999842,
                                            "count": 284967,
                                            "self": 352.4917067000241,
                                            "children": {
                                                "TorchPolicy.sample_actions": {
                                                    "total": 241.46333879996007,
                                                    "count": 284967,
                                                    "self": 241.46333879996007
                                                }
                                            }
                                        }
                                    }
                                },
                                "workers": {
                                    "total": 2.544859399968285,
                                    "count": 284966,
                                    "self": 0.0,
                                    "children": {
                                        "worker_root": {
                                            "total": 1211.4203576999805,
                                            "count": 284966,
                                            "is_parallel": true,
                                            "self": 806.5826659999925,
                                            "children": {
                                                "steps_from_proto": {
                                                    "total": 0.0003326999999999636,
                                                    "count": 1,
                                                    "is_parallel": true,
                                                    "self": 0.00010269999999978907,
                                                    "children": {
                                                        "_process_rank_one_or_two_observation": {
                                                            "total": 0.0002300000000001745,
                                                            "count": 4,
                                                            "is_parallel": true,
                                                            "self": 0.0002300000000001745
                                                        }
                                                    }
                                                },
                                                "UnityEnvironment.step": {
                                                    "total": 404.83735899998794,
                                                    "count": 284966,
                                                    "is_parallel": true,
                                                    "self": 17.907993299989585,
                                                    "children": {
                                                        "UnityEnvironment._generate_step_input": {
                                                            "total": 14.15298249996971,
                                                            "count": 284966,
                                                            "is_parallel": true,
                                                            "self": 14.15298249996971
                                                        },
                                                        "communicator.exchange": {
                                                            "total": 314.1848576000288,
                                                            "count": 284966,
                                                            "is_parallel": true,
                                                            "self": 314.1848576000288
                                                        },
                                                        "steps_from_proto": {
                                                            "total": 58.59152559999983,
                                                            "count": 284966,
                                                            "is_parallel": true,
                                                            "self": 27.009847500066382,
                                                            "children": {
                                                                "_process_rank_one_or_two_observation": {
                                                                    "total": 31.581678099933445,
                                                                    "count": 1139864,
                                                                    "is_parallel": true,
                                                                    "self": 31.581678099933445
                                                                }
                                                            }
                                                        }
                                                    }
                                                }
                                            }
                                        }
                                    }
                                }
                            }
                        }
                    }
                },
                "TrainerController._save_models": {
                    "total": 0.0723097999998572,
                    "count": 1,
                    "self": 0.006476299999803814,
                    "children": {
                        "RLTrainer._checkpoint": {
                            "total": 0.06583350000005339,
                            "count": 1,
                            "self": 0.06583350000005339
                        }
                    }
                }
            }
        }
    }
}