{
    "name": "root",
    "gauges": {
        "ParkAgent.Policy.Entropy.mean": {
            "value": 0.3127134442329407,
            "min": 0.23151308298110962,
            "max": 0.39580684900283813,
            "count": 529
        },
        "ParkAgent.Policy.Entropy.sum": {
            "value": 6444.39892578125,
            "min": 4046.53564453125,
            "max": 9702.017578125,
            "count": 529
        },
        "ParkAgent.Environment.EpisodeLength.mean": {
            "value": 93.31904761904762,
            "min": 71.79850746268657,
            "max": 152.26315789473685,
            "count": 529
        },
        "ParkAgent.Environment.EpisodeLength.sum": {
            "value": 19597.0,
            "min": 18947.0,
            "max": 20624.0,
            "count": 529
        },
        "ParkAgent.Step.mean": {
            "value": 81059907.0,
            "min": 70499960.0,
            "max": 81059907.0,
            "count": 529
        },
        "ParkAgent.Step.sum": {
            "value": 81059907.0,
            "min": 70499960.0,
            "max": 81059907.0,
            "count": 529
        },
        "ParkAgent.Policy.ExtrinsicValueEstimate.mean": {
            "value": 0.8450161814689636,
            "min": 0.7029657363891602,
            "max": 0.9208427667617798,
            "count": 529
        },
        "ParkAgent.Policy.ExtrinsicValueEstimate.sum": {
            "value": 179.1434326171875,
            "min": 93.49444580078125,
            "max": 238.9593505859375,
            "count": 529
        },
        "ParkAgent.Environment.CumulativeReward.mean": {
            "value": 2.6581142907215387,
            "min": 2.284931513067699,
            "max": 2.760639354288578,
            "count": 529
        },
        "ParkAgent.Environment.CumulativeReward.sum": {
            "value": 563.5202296329662,
            "min": 303.89589123800397,
            "max": 727.7095972299576,
            "count": 529
        },
        "ParkAgent.Policy.ExtrinsicReward.mean": {
            "value": 2.6581142907215387,
            "min": 2.284931513067699,
            "max": 2.760639354288578,
            "count": 529
        },
        "ParkAgent.Policy.ExtrinsicReward.sum": {
            "value": 563.5202296329662,
            "min": 303.89589123800397,
            "max": 727.7095972299576,
            "count": 529
        },
        "ParkAgent.IsTraining.mean": {
            "value": 1.0,
            "min": 1.0,
            "max": 1.0,
            "count": 529
        },
        "ParkAgent.IsTraining.sum": {
            "value": 1.0,
            "min": 1.0,
            "max": 1.0,
            "count": 529
        },
        "ParkAgent.Losses.PolicyLoss.mean": {
            "value": 0.014268376701511442,
            "min": 0.011818709393264726,
            "max": 0.023527619976084678,
            "count": 512
        },
        "ParkAgent.Losses.PolicyLoss.sum": {
            "value": 0.014268376701511442,
            "min": 0.011818709393264726,
            "max": 0.023527619976084678,
            "count": 512
        },
        "ParkAgent.Losses.ValueLoss.mean": {
            "value": 0.01239422473590821,
            "min": 0.008101307961624116,
            "max": 0.01681043580174446,
            "count": 512
        },
        "ParkAgent.Losses.ValueLoss.sum": {
            "value": 0.01239422473590821,
            "min": 0.008101307961624116,
            "max": 0.01681043580174446,
            "count": 512
        },
        "ParkAgent.Policy.LearningRate.mean": {
            "value": 0.0002,
            "min": 0.0002,
            "max": 0.0002,
            "count": 512
        },
        "ParkAgent.Policy.LearningRate.sum": {
            "value": 0.0002,
            "min": 0.0002,
            "max": 0.0002,
            "count": 512
        },
        "ParkAgent.Policy.Epsilon.mean": {
            "value": 0.15,
            "min": 0.15,
            "max": 0.15,
            "count": 512
        },
        "ParkAgent.Policy.Epsilon.sum": {
            "value": 0.15,
            "min": 0.15,
            "max": 0.15,
            "count": 512
        },
        "ParkAgent.Policy.Beta.mean": {
            "value": 0.003,
            "min": 0.003,
            "max": 0.003,
            "count": 512
        },
        "ParkAgent.Policy.Beta.sum": {
            "value": 0.003,
            "min": 0.003,
            "max": 0.003,
            "count": 512
        }
    },
    "metadata": {
        "timer_format_version": "0.1.0",
        "start_time_seconds": "1653845979",
        "python_version": "3.9.9 (tags/v3.9.9:ccb0e6a, Nov 15 2021, 18:08:50) [MSC v.1929 64 bit (AMD64)]",
        "command_line_arguments": "C:\\Users\\Szesny\\AppData\\Local\\Programs\\Python\\Python39\\Scripts\\mlagents-learn config\\ParkAgent.yaml --run-id=A1 --resume",
        "mlagents_version": "0.28.0",
        "mlagents_envs_version": "0.28.0",
        "communication_protocol_version": "1.5.0",
        "pytorch_version": "1.7.1+cu110",
        "numpy_version": "1.22.3",
        "end_time_seconds": "1653852838"
    },
    "total": 6859.3732053,
    "count": 1,
    "self": 0.0041482000005999,
    "children": {
        "run_training.setup": {
            "total": 0.07188740000000005,
            "count": 1,
            "self": 0.07188740000000005
        },
        "TrainerController.start_learning": {
            "total": 6859.297169699999,
            "count": 1,
            "self": 4.379172199904133,
            "children": {
                "TrainerController._reset_env": {
                    "total": 7.041588900000001,
                    "count": 1,
                    "self": 7.041588900000001
                },
                "TrainerController.advance": {
                    "total": 6847.793339700095,
                    "count": 246505,
                    "self": 4.300746300120409,
                    "children": {
                        "env_step": {
                            "total": 3807.3396679000793,
                            "count": 246505,
                            "self": 3153.9223956998057,
                            "children": {
                                "SubprocessEnvManager._take_step": {
                                    "total": 650.7663599002258,
                                    "count": 246505,
                                    "self": 13.763981200102535,
                                    "children": {
                                        "TorchPolicy.evaluate": {
                                            "total": 637.0023787001232,
                                            "count": 165471,
                                            "self": 233.81416410014464,
                                            "children": {
                                                "TorchPolicy.sample_actions": {
                                                    "total": 403.1882145999786,
                                                    "count": 165471,
                                                    "self": 403.1882145999786
                                                }
                                            }
                                        }
                                    }
                                },
                                "workers": {
                                    "total": 2.6509123000478514,
                                    "count": 246504,
                                    "self": 0.0,
                                    "children": {
                                        "worker_root": {
                                            "total": 6837.917950799798,
                                            "count": 246504,
                                            "is_parallel": true,
                                            "self": 4125.377550299769,