{
    "name": "root",
    "gauges": {
        "ParkAgent.Policy.Entropy.mean": {
            "value": 1.4317983388900757,
            "min": 1.424014925956726,
            "max": 1.4317983388900757,
            "count": 3
        },
        "ParkAgent.Policy.Entropy.sum": {
            "value": 71584.1875,
            "min": 71230.6484375,
            "max": 71584.1875,
            "count": 3
        },
        "ParkAgent.Step.mean": {
            "value": 149989.0,
            "min": 49957.0,
            "max": 149989.0,
            "count": 3
        },
        "ParkAgent.Step.sum": {
            "value": 149989.0,
            "min": 49957.0,
            "max": 149989.0,
            "count": 3
        },
        "ParkAgent.Policy.ExtrinsicValueEstimate.mean": {
            "value": -0.06128431484103203,
            "min": -2.6489980220794678,
            "max": -0.06128431484103203,
            "count": 3
        },
        "ParkAgent.Policy.ExtrinsicValueEstimate.sum": {
            "value": -49.94671630859375,
            "min": -2145.6884765625,
            "max": -49.94671630859375,
            "count": 3
        },
        "ParkAgent.Environment.EpisodeLength.mean": {
            "value": 841.8666666666667,
            "min": 381.30232558139534,
            "max": 940.6603773584906,
            "count": 3
        },
        "ParkAgent.Environment.EpisodeLength.sum": {
            "value": 50512.0,
            "min": 49188.0,
            "max": 50512.0,
            "count": 3
        },
        "ParkAgent.Environment.CumulativeReward.mean": {
            "value": 48.97571650544803,
            "min": -10.150370514670083,
            "max": 64.82541826311147,
            "count": 3
        },
        "ParkAgent.Environment.CumulativeReward.sum": {
            "value": 2938.5429903268814,
            "min": -1309.3977963924408,
            "max": 3435.747167944908,
            "count": 3
        },
        "ParkAgent.Policy.ExtrinsicReward.mean": {
            "value": 48.97571650544803,
            "min": -10.150370514670083,
            "max": 64.82541826311147,
            "count": 3
        },
        "ParkAgent.Policy.ExtrinsicReward.sum": {
            "value": 2938.5429903268814,
            "min": -1309.3977963924408,
            "max": 3435.747167944908,
            "count": 3
        },
        "ParkAgent.Losses.PolicyLoss.mean": {
            "value": 0.021505220492059985,
            "min": 0.021505220492059985,
            "max": 0.02559308669685076,
            "count": 3
        },
        "ParkAgent.Losses.PolicyLoss.sum": {
            "value": 0.10752610246029992,
            "min": 0.10237234678740303,
            "max": 0.1138622088668247,
            "count": 3
        },
        "ParkAgent.Losses.ValueLoss.mean": {
            "value": 38.3293749554952,
            "min": 38.3293749554952,
            "max": 493.8757599512736,
            "count": 3
        },
        "ParkAgent.Losses.ValueLoss.sum": {
            "value": 191.646874777476,
            "min": 191.646874777476,
            "max": 1975.5030398050944,
            "count": 3
        },
        "ParkAgent.Policy.LearningRate.mean": {
            "value": 0.00022603442465519999,
            "min": 0.00022603442465519999,
            "max": 0.00028458465513845,
            "count": 3
        },
        "ParkAgent.Policy.LearningRate.sum": {
            "value": 0.001130172123276,
            "min": 0.001130172123276,
            "max": 0.0012842430719189999,
            "count": 3
        },
        "ParkAgent.Policy.Epsilon.mean": {
            "value": 0.17534480000000002,
            "min": 0.17534480000000002,
            "max": 0.19486155,
            "count": 3
        },
        "ParkAgent.Policy.Epsilon.sum": {
            "value": 0.8767240000000001,
            "min": 0.7794462,
            "max": 0.9280810000000002,
            "count": 3
        },
        "ParkAgent.Policy.Beta.mean": {
            "value": 0.0037697055200000005,
            "min": 0.0037697055200000005,
            "max": 0.004743591345,
            "count": 3
        },
        "ParkAgent.Policy.Beta.sum": {
            "value": 0.0188485276,
            "min": 0.0188485276,
            "max": 0.021411241900000003,
            "count": 3
        },
        "ParkAgent.IsTraining.mean": {
            "value": 1.0,
            "min": 1.0,
            "max": 1.0,
            "count": 3
        },
        "ParkAgent.IsTraining.sum": {
            "value": 1.0,
            "min": 1.0,
            "max": 1.0,
            "count": 3
        }
    },
    "metadata": {
        "timer_format_version": "0.1.0",
        "start_time_seconds": "1652470046",
        "python_version": "3.9.9 (tags/v3.9.9:ccb0e6a, Nov 15 2021, 18:08:50) [MSC v.1929 64 bit (AMD64)]",
        "command_line_arguments": "C:\\Users\\Szesny\\Desktop\\Unity-AI-Learns-To-Park\\venv\\Scripts\\mlagents-learn --run-id=C25 --time-scale=1",
        "mlagents_version": "0.28.0",
        "mlagents_envs_version": "0.28.0",
        "communication_protocol_version": "1.5.0",
        "pytorch_version": "1.7.1+cu110",
        "numpy_version": "1.22.3",
        "end_time_seconds": "1652471508"
    },
    "total": 1462.2722293,
    "count": 1,
    "self": 0.004660899999862522,
    "children": {
        "run_training.setup": {
            "total": 0.022769599999999945,
            "count": 1,
            "self": 0.022769599999999945
        },
        "TrainerController.start_learning": {
            "total": 1462.2447988000001,
            "count": 1,
            "self": 3.1042717999573597,
            "children": {
                "TrainerController._reset_env": {
                    "total": 6.1001744,
                    "count": 1,
                    "self": 6.1001744
                },
                "TrainerController.advance": {
                    "total": 1452.9764143000427,
                    "count": 187098,
                    "self": 2.952765299982275,
                    "children": {
                        "env_step": {
                            "total": 1403.5383059000274,
                            "count": 187098,
                            "self": 1034.3401897999956,
                            "children": {
                                "SubprocessEnvManager._take_step": {
                                    "total": 367.22743800003036,
                                    "count": 187098,
                                    "self": 9.3006171000535,
                                    "children": {
                                        "TorchPolicy.evaluate": {
                                            "total": 357.92682089997686,
                                            "count": 187098,
                                            "self": 203.7112767999468,
                                            "children": {
                                                "TorchPolicy.sample_actions": {
                                                    "total": 154.21554410003006,
                                                    "count": 187098,
                                                    "self": 154.21554410003006
                                                }
                                            }
                                        }
                                    }
                                },
                                "workers": {
                                    "total": 1.9706781000012175,
                                    "count": 187097,
                                    "self": 0.0,
                                    "children": {
                                        "worker_root": {
                                            "total": 1449.2397186000242,
                                            "count": 187097,
                                            "is_parallel": true,
                                            "self": 552.250390099972,