{
    "name": "root",
    "gauges": {
        "ParkAgent.Policy.Entropy.mean": {
            "value": 1.427522897720337,
            "min": 1.4147915840148926,
            "max": 1.427522897720337,
            "count": 5
        },
        "ParkAgent.Policy.Entropy.sum": {
            "value": 7119.056640625,
            "min": 7097.58837890625,
            "max": 7127.72021484375,
            "count": 5
        },
        "ParkAgent.Step.mean": {
            "value": 24914.0,
            "min": 4890.0,
            "max": 24914.0,
            "count": 5
        },
        "ParkAgent.Step.sum": {
            "value": 24914.0,
            "min": 4890.0,
            "max": 24914.0,
            "count": 5
        },
        "ParkAgent.Policy.ExtrinsicValueEstimate.mean": {
            "value": -116.92369079589844,
            "min": -116.92369079589844,
            "max": -6.386514186859131,
            "count": 5
        },
        "ParkAgent.Policy.ExtrinsicValueEstimate.sum": {
            "value": -4676.94775390625,
            "min": -4871.9052734375,
            "max": -261.8470764160156,
            "count": 5
        },
        "ParkAgent.Environment.EpisodeLength.mean": {
            "value": 1107.0,
            "min": 270.94117647058823,
            "max": 1107.0,
            "count": 5
        },
        "ParkAgent.Environment.EpisodeLength.sum": {
            "value": 3321.0,
            "min": 3321.0,
            "max": 5287.0,
            "count": 5
        },
        "ParkAgent.Environment.CumulativeReward.mean": {
            "value": -393.5064762731393,
            "min": -954.5818358146482,
            "max": -274.83626927137374,
            "count": 5
        },
        "ParkAgent.Environment.CumulativeReward.sum": {
            "value": -1180.519428819418,
            "min": -17182.473044663668,
            "max": -1180.519428819418,
            "count": 5
        },
        "ParkAgent.Policy.ExtrinsicReward.mean": {
            "value": -393.5064762731393,
            "min": -954.5818358146482,
            "max": -274.83626927137374,
            "count": 5
        },
        "ParkAgent.Policy.ExtrinsicReward.sum": {
            "value": -1180.519428819418,
            "min": -17182.473044663668,
            "max": -1180.519428819418,
            "count": 5
        },
        "ParkAgent.Losses.PolicyLoss.mean": {
            "value": 0.07592583711569507,
            "min": 0.06664688296344443,
            "max": 0.07592583711569507,
            "count": 5
        },
        "ParkAgent.Losses.PolicyLoss.sum": {
            "value": 0.15185167423139015,
            "min": 0.13329376592688885,
            "max": 0.2246446979115717,
            "count": 5
        },
        "ParkAgent.Losses.ValueLoss.mean": {
            "value": 1949.8645822604497,
            "min": 55.832238614559174,
            "max": 18031.92263200548,
            "count": 5
        },
        "ParkAgent.Losses.ValueLoss.sum": {
            "value": 3899.7291645208993,
            "min": 111.66447722911835,
            "max": 54095.76789601644,
            "count": 5
        },
        "ParkAgent.Policy.LearningRate.mean": {
            "value": 0.0002999334345221885,
            "min": 0.0002999334345221885,
            "max": 0.0002999903595032135,
            "count": 5
        },
        "ParkAgent.Policy.LearningRate.sum": {
            "value": 0.000599866869044377,
            "min": 0.000599866869044377,
            "max": 0.000899885409038197,
            "count": 5
        },
        "ParkAgent.Policy.Epsilon.mean": {
            "value": 0.19997781150000002,
            "min": 0.19997781150000002,
            "max": 0.1999967865,
            "count": 5
        },
        "ParkAgent.Policy.Epsilon.sum": {
            "value": 0.39995562300000004,
            "min": 0.39995562300000004,
            "max": 0.599961803,
            "count": 5
        },
        "ParkAgent.Policy.Beta.mean": {
            "value": 0.00999778336885,
            "min": 0.00999778336885,
            "max": 0.00999967897135,
            "count": 5
        },
        "ParkAgent.Policy.Beta.sum": {
            "value": 0.0199955667377,
            "min": 0.0199955667377,
            "max": 0.029996184119700002,
            "count": 5
        },
        "ParkAgent.IsTraining.mean": {
            "value": 1.0,
            "min": 1.0,
            "max": 1.0,
            "count": 5
        },
        "ParkAgent.IsTraining.sum": {
            "value": 1.0,
            "min": 1.0,
            "max": 1.0,
            "count": 5
        }
    },
    "metadata": {
        "timer_format_version": "0.1.0",
        "start_time_seconds": "1652478539",
        "python_version": "3.9.9 (tags/v3.9.9:ccb0e6a, Nov 15 2021, 18:08:50) [MSC v.1929 64 bit (AMD64)]",
        "command_line_arguments": "C:\\Users\\Szesny\\Desktop\\Unity-AI-Learns-To-Park\\venv\\Scripts\\mlagents-learn config/ParkAgent.yaml --run-id=C30",
        "mlagents_version": "0.28.0",
        "mlagents_envs_version": "0.28.0",
        "communication_protocol_version": "1.5.0",
        "pytorch_version": "1.7.1+cu110",
        "numpy_version": "1.22.3",
        "end_time_seconds": "1652478696"
    },
    "total": 156.9403245,
    "count": 1,
    "self": 0.004222800000007965,
    "children": {
        "run_training.setup": {
            "total": 0.07039929999999994,
            "count": 1,
            "self": 0.07039929999999994
        },
        "TrainerController.start_learning": {
            "total": 156.8657024,
            "count": 1,
            "self": 0.5009189000000731,
            "children": {
                "TrainerController._reset_env": {
                    "total": 5.3156548,
                    "count": 1,
                    "self": 5.3156548
                },
                "TrainerController.advance": {
                    "total": 150.97112689999994,
                    "count": 27267,
                    "self": 0.22800389999954973,
                    "children": {
                        "env_step": {
                            "total": 150.7431230000004,
                            "count": 27267,
                            "self": 94.90952760000145,
                            "children": {
                                "SubprocessEnvManager._take_step": {
                                    "total": 55.596546699999664,
                                    "count": 27267,
                                    "self": 1.1877111999988301,
                                    "children": {
                                        "TorchPolicy.evaluate": {
                                            "total": 54.40883550000083,
                                            "count": 27267,
                                            "self": 32.06415440000066,
                                            "children": {
                                                "TorchPolicy.sample_actions": {
                                                    "total": 22.344681100000173,
                                                    "count": 27267,
                                                    "self": 22.344681100000173
                                                }
                                            }
                                        }
                                    }
                                },
                                "workers": {
                                    "total": 0.23704869999927602,
                                    "count": 27266,
                                    "self": 0.0,
                                    "children": {
                                        "worker_root": {
                                            "total": 112.8550285,
                                            "count": 27266,
                                            "is_parallel": true,
                                            "self": 75.12239739999896,