{
    "name": "root",
    "metadata": {
        "timer_format_version": "0.1.0",
        "start_time_seconds": "1652459419",
        "python_version": "3.9.9 (tags/v3.9.9:ccb0e6a, Nov 15 2021, 18:08:50) [MSC v.1929 64 bit (AMD64)]",
        "command_line_arguments": "C:\\Users\\Szesny\\Desktop\\Unity-AI-Learns-To-Park\\venv\\Scripts\\mlagents-learn --run-id=A7 --time-scale=1",
        "mlagents_version": "0.28.0",
        "mlagents_envs_version": "0.28.0",
        "communication_protocol_version": "1.5.0",
        "pytorch_version": "1.7.1+cu110",
        "numpy_version": "1.22.3",
        "end_time_seconds": "1652459805"
    },
    "total": 386.0662192,
    "count": 1,
    "self": 0.004609899999991285,
    "children": {
        "run_training.setup": {
            "total": 0.020814,
            "count": 1,
            "self": 0.020814
        },
        "TrainerController.start_learning": {
            "total": 386.0407953,
            "count": 1,
            "self": 0.7059972999995807,
            "children": {
                "TrainerController._reset_env": {
                    "total": 6.6001034999999995,
                    "count": 1,
                    "self": 6.6001034999999995
                },
                "TrainerController.advance": {
                    "total": 378.6517744000004,
                    "count": 40992,
                    "self": 0.6751897000070244,
                    "children": {
                        "env_step": {
                            "total": 368.7146642999924,
                            "count": 40992,
                            "self": 222.23490119999192,
                            "children": {
                                "SubprocessEnvManager._take_step": {
                                    "total": 146.0348791000039,
                                    "count": 40992,
                                    "self": 1.780025400005428,
                                    "children": {
                                        "TorchPolicy.evaluate": {
                                            "total": 144.25485369999848,
                                            "count": 40992,
                                            "self": 53.00307479999984,
                                            "children": {
                                                "TorchPolicy.sample_actions": {
                                                    "total": 91.25177889999864,
                                                    "count": 40992,
                                                    "self": 91.25177889999864
                                                }
                                            }
                                        }
                                    }
                                },
                                "workers": {
                                    "total": 0.444883999996593,
                                    "count": 40991,
                                    "self": 0.0,
                                    "children": {
                                        "worker_root": {
                                            "total": 366.0676162999975,
                                            "count": 40991,
                                            "is_parallel": true,
                                            "self": 187.02981459999174,
                                            "children": {
                                                "steps_from_proto": {
                                                    "total": 0.00039450000000051944,
                                                    "count": 1,
                                                    "is_parallel": true,
                                                    "self": 0.00022590000000111132,
                                                    "children": {
                                                        "_process_rank_one_or_two_observation": {
                                                            "total": 0.0001685999999994081,
                                                            "count": 4,
                                                            "is_parallel": true,
                                                            "self": 0.0001685999999994081
                                                        }
                                                    }
                                                },
                                                "UnityEnvironment.step": {
                                                    "total": 179.03740720000576,
                                                    "count": 40991,
                                                    "is_parallel": true,
                                                    "self": 3.066983099993706,
                                                    "children": {
                                                        "UnityEnvironment._generate_step_input": {
                                                            "total": 2.213413300002431,
                                                            "count": 40991,
                                                            "is_parallel": true,
                                                            "self": 2.213413300002431
                                                        },
                                                        "communicator.exchange": {
                                                            "total": 161.007036400009,
                                                            "count": 40991,
                                                            "is_parallel": true,
                                                            "self": 161.007036400009
                                                        },
                                                        "steps_from_proto": {
                                                            "total": 12.749974400000617,
                                                            "count": 40991,
                                                            "is_parallel": true,
                                                            "self": 7.17535229999166,
                                                            "children": {
                                                                "_process_rank_one_or_two_observation": {
                                                                    "total": 5.574622100008957,
                                                                    "count": 163964,
                                                                    "is_parallel": true,
                                                                    "self": 5.574622100008957
                                                                }
                                                            }
                                                        }
                                                    }
                                                }
                                            }
                                        }
                                    }
                                }
                            }
                        },
                        "trainer_advance": {
                            "total": 9.261920400000959,
                            "count": 40991,
                            "self": 0.8144722000043014,
                            "children": {
                                "process_trajectory": {
                                    "total": 3.3906813999966374,
                                    "count": 40991,
                                    "self": 3.3906813999966374
                                },
                                "_update_policy": {
                                    "total": 5.05676680000002,