{
    "name": "root",
    "metadata": {
        "timer_format_version": "0.1.0",
        "start_time_seconds": "1651930290",
        "python_version": "3.9.9 (tags/v3.9.9:ccb0e6a, Nov 15 2021, 18:08:50) [MSC v.1929 64 bit (AMD64)]",
        "command_line_arguments": "C:\\Users\\Szesny\\Desktop\\Unity-AI-Learns-To-Park\\venv\\Scripts\\mlagents-learn --run-id=Test19",
        "mlagents_version": "0.29.0",
        "mlagents_envs_version": "0.29.0",
        "communication_protocol_version": "1.5.0",
        "pytorch_version": "1.7.1+cu110",
        "numpy_version": "1.21.2",
        "end_time_seconds": "1651930376"
    },
    "total": 85.9285692,
    "count": 1,
    "self": 0.004566000000011172,
    "children": {
        "run_training.setup": {
            "total": 0.021820400000000073,
            "count": 1,
            "self": 0.021820400000000073
        },
        "TrainerController.start_learning": {
            "total": 85.90218279999999,
            "count": 1,
            "self": 0.044132699999948954,
            "children": {
                "TrainerController._reset_env": {
                    "total": 5.6170869,
                    "count": 1,
                    "self": 5.6170869
                },
                "TrainerController.advance": {
                    "total": 80.14278080000003,
                    "count": 3146,
                    "self": 0.041765400000102204,
                    "children": {
                        "env_step": {
                            "total": 79.84434309999995,
                            "count": 3146,
                            "self": 70.13641819999988,
                            "children": {
                                "SubprocessEnvManager._take_step": {
                                    "total": 9.68161770000005,
                                    "count": 3146,
                                    "self": 0.12080340000008505,
                                    "children": {
                                        "TorchPolicy.evaluate": {
                                            "total": 9.560814299999965,
                                            "count": 3144,
                                            "self": 3.260010299999805,
                                            "children": {
                                                "TorchPolicy.sample_actions": {
                                                    "total": 6.30080400000016,
                                                    "count": 3144,
                                                    "self": 6.30080400000016
                                                }
                                            }
                                        }
                                    }
                                },
                                "workers": {
                                    "total": 0.026307200000013076,
                                    "count": 3145,
                                    "self": 0.0,
                                    "children": {
                                        "worker_root": {
                                            "total": 20.01073419999999,
                                            "count": 3145,
                                            "is_parallel": true,
                                            "self": 12.711909899999998,
                                            "children": {
                                                "steps_from_proto": {
                                                    "total": 0.00033630000000073323,
                                                    "count": 1,
                                                    "is_parallel": true,
                                                    "self": 0.0002038000000013085,
                                                    "children": {
                                                        "_process_rank_one_or_two_observation": {
                                                            "total": 0.00013249999999942474,
                                                            "count": 2,
                                                            "is_parallel": true,
                                                            "self": 0.00013249999999942474
                                                        }
                                                    }
                                                },
                                                "UnityEnvironment.step": {
                                                    "total": 7.298487999999993,
                                                    "count": 3145,
                                                    "is_parallel": true,
                                                    "self": 0.16430120000005033,
                                                    "children": {
                                                        "UnityEnvironment._generate_step_input": {
                                                            "total": 0.12970179999993459,
                                                            "count": 3145,
                                                            "is_parallel": true,
                                                            "self": 0.12970179999993459
                                                        },
                                                        "communicator.exchange": {
                                                            "total": 6.385054699999974,
                                                            "count": 3145,
                                                            "is_parallel": true,
                                                            "self": 6.385054699999974
                                                        },
                                                        "steps_from_proto": {
                                                            "total": 0.6194303000000341,
                                                            "count": 3145,
                                                            "is_parallel": true,
                                                            "self": 0.4172938000001061,
                                                            "children": {
                                                                "_process_rank_one_or_two_observation": {
                                                                    "total": 0.202136499999928,
                                                                    "count": 6290,
                                                                    "is_parallel": true,
                                                                    "self": 0.202136499999928
                                                                }
                                                            }
                                                        }
                                                    }
                                                }
                                            }
                                        }
                                    }
                                }
                            }
                        },
                        "trainer_advance": {
                            "total": 0.25667229999997065,
                            "count": 3145,
                            "self": 0.049073799999972856,
                            "children": {
                                "process_trajectory": {
                                    "total": 0.2075984999999978,
                                    "count": 3145,
                                    "self": 0.2075984999999978
                                }
                            }
                        }
                    }
                },