{
    "name": "root",
    "gauges": {
        "ParkAgent.Policy.Entropy.mean": {
            "value": 1.4263498783111572,
            "min": 1.4194756746292114,
            "max": 1.4263498783111572,
            "count": 2
        },
        "ParkAgent.Policy.Entropy.sum": {
            "value": 71247.6015625,
            "min": 71046.1796875,
            "max": 71247.6015625,
            "count": 2
        },
        "ParkAgent.Step.mean": {
            "value": 99938.0,
            "min": 49987.0,
            "max": 99938.0,
            "count": 2
        },
        "ParkAgent.Step.sum": {
            "value": 99938.0,
            "min": 49987.0,
            "max": 99938.0,
            "count": 2
        },
        "ParkAgent.Policy.ExtrinsicValueEstimate.mean": {
            "value": 2.9890854358673096,
            "min": 1.098188877105713,
            "max": 2.9890854358673096,
            "count": 2
        },
        "ParkAgent.Policy.ExtrinsicValueEstimate.sum": {
            "value": 2412.19189453125,
            "min": 880.7474365234375,
            "max": 2412.19189453125,
            "count": 2
        },
        "ParkAgent.Environment.EpisodeLength.mean": {
            "value": 1177.0232558139535,
            "min": 1177.0232558139535,
            "max": 1234.7692307692307,
            "count": 2
        },
        "ParkAgent.Environment.EpisodeLength.sum": {
            "value": 50612.0,
            "min": 48156.0,
            "max": 50612.0,
            "count": 2
        },
        "ParkAgent.Environment.CumulativeReward.mean": {
            "value": 72.71793445875478,
            "min": 62.69819000439766,
            "max": 72.71793445875478,
            "count": 2
        },
        "ParkAgent.Environment.CumulativeReward.sum": {
            "value": 3126.8711817264557,
            "min": 2445.229410171509,
            "max": 3126.8711817264557,
            "count": 2
        },
        "ParkAgent.Policy.ExtrinsicReward.mean": {
            "value": 72.71793445875478,
            "min": 62.69819000439766,
            "max": 72.71793445875478,
            "count": 2
        },
        "ParkAgent.Policy.ExtrinsicReward.sum": {
            "value": 3126.8711817264557,
            "min": 2445.229410171509,
            "max": 3126.8711817264557,
            "count": 2
        },
        "ParkAgent.Losses.PolicyLoss.mean": {
            "value": 0.019234774191863833,
            "min": 0.019234774191863833,
            "max": 0.026356005618193498,
            "count": 2
        },
        "ParkAgent.Losses.PolicyLoss.sum": {
            "value": 0.09617387095931917,
            "min": 0.09617387095931917,
            "max": 0.10542402247277399,
            "count": 2
        },
        "ParkAgent.Losses.ValueLoss.mean": {
            "value": 21.15821646054586,
            "min": 21.15821646054586,
            "max": 39.5660874525706,
            "count": 2
        },
        "ParkAgent.Losses.ValueLoss.sum": {
            "value": 105.7910823027293,
            "min": 105.7910823027293,
            "max": 158.2643498102824,
            "count": 2
        },
        "ParkAgent.Policy.LearningRate.mean": {
            "value": 0.00025683733438755995,
            "min": 0.00025683733438755995,
            "max": 0.00028457220514259993,
            "count": 2
        },
        "ParkAgent.Policy.LearningRate.sum": {
            "value": 0.0012841866719377998,
            "min": 0.0011382888205703997,
            "max": 0.0012841866719377998,
            "count": 2
        },
        "ParkAgent.Policy.Epsilon.mean": {
            "value": 0.18561244000000005,
            "min": 0.18561244000000005,
            "max": 0.19485740000000004,
            "count": 2
        },
        "ParkAgent.Policy.Epsilon.sum": {
            "value": 0.9280622000000003,
            "min": 0.7794296000000002,
            "max": 0.9280622000000003,
            "count": 2
        },
        "ParkAgent.Policy.Beta.mean": {
            "value": 0.004282060756,
            "min": 0.004282060756,
            "max": 0.00474338426,
            "count": 2
        },
        "ParkAgent.Policy.Beta.sum": {
            "value": 0.02141030378,
            "min": 0.01897353704,
            "max": 0.02141030378,
            "count": 2
        },
        "ParkAgent.IsTraining.mean": {
            "value": 1.0,
            "min": 1.0,
            "max": 1.0,
            "count": 2
        },
        "ParkAgent.IsTraining.sum": {
            "value": 1.0,
            "min": 1.0,
            "max": 1.0,
            "count": 2
        }
    },
    "metadata": {
        "timer_format_version": "0.1.0",
        "start_time_seconds": "1652462624",
        "python_version": "3.9.9 (tags/v3.9.9:ccb0e6a, Nov 15 2021, 18:08:50) [MSC v.1929 64 bit (AMD64)]",
        "command_line_arguments": "C:\\Users\\Szesny\\Desktop\\Unity-AI-Learns-To-Park\\venv\\Scripts\\mlagents-learn --run-id=C2 --time-scale=1",
        "mlagents_version": "0.28.0",
        "mlagents_envs_version": "0.28.0",
        "communication_protocol_version": "1.5.0",
        "pytorch_version": "1.7.1+cu110",
        "numpy_version": "1.22.3",
        "end_time_seconds": "1652463522"
    },
    "total": 897.7393075,
    "count": 1,
    "self": 0.004134899999939989,
    "children": {
        "run_training.setup": {
            "total": 0.020739399999999963,
            "count": 1,
            "self": 0.020739399999999963
        },
        "TrainerController.start_learning": {
            "total": 897.7144332,
            "count": 1,
            "self": 1.9976465000062262,
            "children": {
                "TrainerController._reset_env": {
                    "total": 6.4851602,
                    "count": 1,
                    "self": 6.4851602
                },
                "TrainerController.advance": {
                    "total": 889.1369219999939,
                    "count": 123123,
                    "self": 2.0530692999756184,
                    "children": {
                        "env_step": {
                            "total": 858.5922203000116,
                            "count": 123123,
                            "self": 622.058811800027,
                            "children": {
                                "SubprocessEnvManager._take_step": {
                                    "total": 235.26732589999045,
                                    "count": 123123,
                                    "self": 5.63803149999174,
                                    "children": {
                                        "TorchPolicy.evaluate": {
                                            "total": 229.6292943999987,
                                            "count": 123123,
                                            "self": 130.41294490000746,
                                            "children": {
                                                "TorchPolicy.sample_actions": {
                                                    "total": 99.21634949999125,
                                                    "count": 123123,
                                                    "self": 99.21634949999125
                                                }
                                            }
                                        }
                                    }
                                },
                                "workers": {
                                    "total": 1.2660825999941077,
                                    "count": 123122,
                                    "self": 0.0,
                                    "children": {
                                        "worker_root": {
                                            "total": 883.1365774000047,
                                            "count": 123122,
                                            "is_parallel": true,
                                            "self": 351.4788406000039,