{"cameraMode":{"drawMode":0,"name":"Shaded","section":"Shading Mode"},"sceneLighting":false,"audioPlay":false,"sceneViewState":{"m_AlwaysRefresh":false,"showFog":true,"showSkybox":false,"showFlares":true,"showImageEffects":true,"showParticleSystems":true,"showVisualEffectGraphs":true,"m_FxEnabled":true},"in2DMode":false,"pivot":{"x":139.87948608398438,"y":550.0076293945313,"z":10.241989135742188},"rotation":{"x":-0.11464625597000122,"y":-0.009863100945949555,"z":0.0010748057393357158,"w":-0.9934097528457642},"size":170.4339599609375,"orthographic":false}