{"count":1,"self":9167.0290432,"total":51422.0943939,"children":{"InitializeActuators":{"count":128,"self":0.0019998999999999998,"total":0.0019998999999999998,"children":null},"InitializeSensors":{"count":128,"self":0.0039996,"total":0.0039996,"children":null},"AgentSendState":{"count":4062134,"self":3872.0577535999996,"total":5122.3072293,"children":{"CollectObservations":{"count":51995328,"self":238.2821376,"total":238.2821363,"children":null},"WriteActionMask":{"count":51995328,"self":50.2032064,"total":50.203206099999996,"children":null},"RequestDecision":{"count":51995328,"self":178.361728,"total":961.76406909999992,"children":{"AgentInfo.ToProto":{"count":51995328,"self":166.5466496,"total":783.4023413,"children":{"GenerateSensorData":{"count":51995328,"self":500.3052032,"total":616.8556969,"children":{"RayPerceptionSensor.Perceive":{"count":51995328,"self":116.55048959999999,"total":116.5504891,"children":null}}}}}}}}},"DecideAction":{"count":4062134,"self":36091.455078399995,"total":36091.4564388,"children":null},"AgentAct":{"count":4062134,"self":1025.666048,"total":1041.1268594,"children":{"AgentInfo.ToProto":{"count":745046,"self":3.7841152,"total":15.460835999999999,"children":{"GenerateSensorData":{"count":745046,"self":9.4478815999999988,"total":11.6767206,"children":{"RayPerceptionSensor.Perceive":{"count":745046,"self":2.2288388,"total":2.2288388,"children":null}}}}}}},"AgentInfo.ToProto":{"count":6755,"self":0.0510305,"total":0.16763419999999998,"children":{"GenerateSensorData":{"count":6755,"self":0.090602999999999989,"total":0.11660369999999999,"children":{"RayPerceptionSensor.Perceive":{"count":6755,"self":0.026000699999999998,"total":0.026000699999999998,"children":null}}}}}},"gauges":{"ParkAgent.CumulativeReward":{"count":751801,"max":3.00000358,"min":-1,"runningAverage":2.903568,"value":2.6004734,"weightedAverage":2.87476015}},"metadata":{"timer_format_version":"0.1.0","start_time_seconds":"1654442900","unity_version":"2021.3.2f1","command_line_arguments":"C:\\Program Files\\Unity\\Hub\\Editor\\2021.3.2f1\\Editor\\Unity.exe -projectpath C:\\Users\\Maciek\\Unity\\Unity-AI-Learns-To-Park\\version A -useHub -hubIPC -cloudEnvironment production -licensingIpc LicenseClient-RWBOMBHoZ4FZzbORIR5si -hubSessionId 602a27c0-e4e2-11ec-b839-97e991070026 -accessToken 1uF_aJliHwVQM4V9J9PXnrImYfestaqRSxbjbPArE-Q001f","communication_protocol_version":"1.5.0","com.unity.ml-agents_version":"2.0.0","scene_name":"DemoScene","end_time_seconds":"1654494322"}}