{"count":1,"self":502.32294399999995,"total":4840.6053096999995,"children":{"InitializeActuators":{"count":2,"self":0.0009972,"total":0.0009972,"children":null},"InitializeSensors":{"count":2,"self":0.0009973,"total":0.0009973,"children":null},"AgentSendState":{"count":1074601,"self":39.7523712,"total":62.707570399999994,"children":{"CollectObservations":{"count":1074601,"self":3.292258,"total":3.2922580999999997,"children":null},"WriteActionMask":{"count":1074601,"self":0.80992749999999991,"total":0.80992749999999991,"children":null},"RequestDecision":{"count":1074601,"self":3.8333443999999997,"total":18.8530129,"children":{"AgentInfo.ToProto":{"count":1074601,"self":3.4908284,"total":15.0196685,"children":{"GenerateSensorData":{"count":1074601,"self":9.609536799999999,"total":11.5288402,"children":{"RayPerceptionSensor.Perceive":{"count":1074601,"self":1.9193031999999999,"total":1.9193033,"children":null}}}}}}}}},"DecideAction":{"count":1074601,"self":4273.2507135999995,"total":4273.2506684,"children":null},"AgentAct":{"count":1074601,"self":2.297212,"total":2.3041883,"children":{"AgentInfo.ToProto":{"count":381,"self":0.00099739999999999985,"total":0.0069764,"children":{"GenerateSensorData":{"count":381,"self":0.0049816999999999995,"total":0.005979,"children":{"RayPerceptionSensor.Perceive":{"count":381,"self":0.0009973,"total":0.0009973,"children":null}}}}}}},"AgentInfo.ToProto":{"count":1076,"self":0.0069562999999999995,"total":0.0179244,"children":{"GenerateSensorData":{"count":1076,"self":0.0079747999999999989,"total":0.0109681,"children":{"RayPerceptionSensor.Perceive":{"count":1076,"self":0.0029933,"total":0.0029933,"children":null}}}}}},"gauges":{"ParkAgent.CumulativeReward":{"count":1457,"max":2898.71973,"min":-990.1587,"runningAverage":295.681946,"value":350.1401,"weightedAverage":223.3341}},"metadata":{"timer_format_version":"0.1.0","start_time_seconds":"1652481324","unity_version":"2021.3.2f1","command_line_arguments":"C:\\Program Files\\Unity\\Hub\\Editor\\2021.3.2f1\\Editor\\Unity.exe -projectpath C:\\Users\\Szesny\\Desktop\\Unity-AI-Learns-To-Park -useHub -hubIPC -cloudEnvironment production -licensingIpc LicenseClient-VXZoAz4KuykyHSdBrlbZo -hubSessionId 5738e0c0-d2bd-11ec-b1db-c10f46734a53 -accessToken QiM_p1zc4sevgISHIlq79ObJSu5VVVAy3_CkzYDlf2M001f","communication_protocol_version":"1.5.0","com.unity.ml-agents_version":"2.0.0","scene_name":"DemoScene","end_time_seconds":"1652486165"}}