{
    "name": "root",
    "metadata": {
        "timer_format_version": "0.1.0",
        "start_time_seconds": "1651925274",
        "python_version": "3.9.9 (tags/v3.9.9:ccb0e6a, Nov 15 2021, 18:08:50) [MSC v.1929 64 bit (AMD64)]",
        "command_line_arguments": "C:\\Users\\Szesny\\Desktop\\Unity-AI-Learns-To-Park\\venv\\Scripts\\mlagents-learn --run-id=Test12",
        "mlagents_version": "0.29.0",
        "mlagents_envs_version": "0.29.0",
        "communication_protocol_version": "1.5.0",
        "pytorch_version": "1.7.1+cu110",
        "numpy_version": "1.21.2",
        "end_time_seconds": "1651925353"
    },
    "total": 79.2119551,
    "count": 1,
    "self": 0.00413340000000062,
    "children": {
        "run_training.setup": {
            "total": 0.06280829999999948,
            "count": 1,
            "self": 0.06280829999999948
        },
        "TrainerController.start_learning": {
            "total": 79.1450134,
            "count": 1,
            "self": 0.014338899999970067,
            "children": {
                "TrainerController._reset_env": {
                    "total": 11.2627515,
                    "count": 1,
                    "self": 11.2627515
                },
                "TrainerController.advance": {
                    "total": 67.75685750000002,
                    "count": 961,
                    "self": 0.01316219999998225,
                    "children": {
                        "env_step": {
                            "total": 67.66998390000008,
                            "count": 961,
                            "self": 64.37550910000009,
                            "children": {
                                "SubprocessEnvManager._take_step": {
                                    "total": 3.286371099999972,
                                    "count": 961,
                                    "self": 0.038931999999967104,
                                    "children": {
                                        "TorchPolicy.evaluate": {
                                            "total": 3.2474391000000047,
                                            "count": 961,
                                            "self": 0.7362799000000813,
                                            "children": {
                                                "TorchPolicy.sample_actions": {
                                                    "total": 2.5111591999999234,
                                                    "count": 961,
                                                    "self": 2.5111591999999234
                                                }
                                            }
                                        }
                                    }
                                },
                                "workers": {
                                    "total": 0.008103700000013703,
                                    "count": 960,
                                    "self": 0.0,
                                    "children": {
                                        "worker_root": {
                                            "total": 8.324200100000013,
                                            "count": 960,
                                            "is_parallel": true,
                                            "self": 5.460639800000022,
                                            "children": {
                                                "steps_from_proto": {
                                                    "total": 0.0003314000000003148,
                                                    "count": 1,
                                                    "is_parallel": true,
                                                    "self": 0.00017710000000015214,
                                                    "children": {
                                                        "_process_rank_one_or_two_observation": {
                                                            "total": 0.00015430000000016264,
                                                            "count": 2,
                                                            "is_parallel": true,
                                                            "self": 0.00015430000000016264
                                                        }
                                                    }
                                                },
                                                "UnityEnvironment.step": {
                                                    "total": 2.8632288999999904,
                                                    "count": 960,
                                                    "is_parallel": true,
                                                    "self": 0.05161280000004531,
                                                    "children": {
                                                        "UnityEnvironment._generate_step_input": {
                                                            "total": 0.043547500000007844,
                                                            "count": 960,
                                                            "is_parallel": true,
                                                            "self": 0.043547500000007844
                                                        },
                                                        "communicator.exchange": {
                                                            "total": 2.5705150999999145,
                                                            "count": 960,
                                                            "is_parallel": true,
                                                            "self": 2.5705150999999145
                                                        },
                                                        "steps_from_proto": {
                                                            "total": 0.1975535000000228,
                                                            "count": 960,
                                                            "is_parallel": true,
                                                            "self": 0.13327260000013297,
                                                            "children": {
                                                                "_process_rank_one_or_two_observation": {
                                                                    "total": 0.06428089999988984,
                                                                    "count": 1920,
                                                                    "is_parallel": true,
                                                                    "self": 0.06428089999988984
                                                                }
                                                            }
                                                        }
                                                    }
                                                }
                                            }
                                        }
                                    }
                                }
                            }
                        },
                        "trainer_advance": {
                            "total": 0.0737113999999579,
                            "count": 960,
                            "self": 0.016231099999924226,
                            "children": {
                                "process_trajectory": {
                                    "total": 0.05748030000003368,
                                    "count": 960,
                                    "self": 0.05748030000003368
                                }
                            }
                        }
                    }
                },