{"count":1,"self":1314.3061504,"total":7734.9801580999992,"children":{"InitializeActuators":{"count":128,"self":0.00099739999999999985,"total":0.00099739999999999985,"children":null},"InitializeSensors":{"count":128,"self":0.0030007999999999996,"total":0.0030007999999999996,"children":null},"AgentSendState":{"count":926617,"self":501.36586239999997,"total":664.6099821,"children":{"CollectObservations":{"count":11860736,"self":26.2941136,"total":26.2941131,"children":null},"WriteActionMask":{"count":11860736,"self":7.575372,"total":7.5753721,"children":null},"RequestDecision":{"count":11860736,"self":23.721707199999997,"total":129.37462879999998,"children":{"AgentInfo.ToProto":{"count":11860736,"self":19.3940432,"total":105.6529216,"children":{"GenerateSensorData":{"count":11860736,"self":63.7992,"total":86.258878799999991,"children":{"RayPerceptionSensor.Perceive":{"count":11860736,"self":22.4596768,"total":22.459676899999998,"children":null}}}}}}}}},"DecideAction":{"count":926617,"self":5622.6115584,"total":5622.6115616,"children":null},"AgentAct":{"count":926617,"self":131.3037824,"total":133.3737926,"children":{"AgentInfo.ToProto":{"count":140163,"self":0.4798222,"total":2.0700127999999998,"children":{"GenerateSensorData":{"count":140163,"self":1.1981685,"total":1.5901906,"children":{"RayPerceptionSensor.Perceive":{"count":140163,"self":0.3920221,"total":0.3920221,"children":null}}}}}}},"AgentInfo.ToProto":{"count":4031,"self":0.012936699999999999,"total":0.0736696,"children":{"GenerateSensorData":{"count":4031,"self":0.0397974,"total":0.0607329,"children":{"RayPerceptionSensor.Perceive":{"count":4031,"self":0.0209355,"total":0.0209355,"children":null}}}}}},"gauges":{"ParkAgent.CumulativeReward":{"count":144194,"max":2.97524667,"min":-1.01375,"runningAverage":2.72280955,"value":2.79110527,"weightedAverage":2.11307549}},"metadata":{"timer_format_version":"0.1.0","start_time_seconds":"1654415011","unity_version":"2021.3.2f1","command_line_arguments":"C:\\Program Files\\Unity\\Hub\\Editor\\2021.3.2f1\\Editor\\Unity.exe -projectpath C:\\Users\\Szesny\\Desktop\\Projekty\\BMMSI\\Unity-AI-Learns-To-Park\\version A -useHub -hubIPC -cloudEnvironment production -licensingIpc LicenseClient-x_ylxFGpe22Me3a89v3-B -hubSessionId f1789850-e4a2-11ec-b804-855a3276257c -accessToken f6m36QSSEhX9VVvpf4r66fD4M3MK94Hj6Uw4x-jWdOk001f","communication_protocol_version":"1.5.0","com.unity.ml-agents_version":"2.0.0","scene_name":"DemoScene","end_time_seconds":"1654422746"}}