{"count":1,"self":1188.457472,"total":6843.7012545,"children":{"InitializeActuators":{"count":128,"self":0.00099779999999999986,"total":0.00099779999999999986,"children":null},"InitializeSensors":{"count":128,"self":0.0029942999999999997,"total":0.0029942999999999997,"children":null},"AgentSendState":{"count":827367,"self":445.97939199999996,"total":596.2595325,"children":{"CollectObservations":{"count":10590336,"self":24.1013344,"total":24.101334299999998,"children":null},"WriteActionMask":{"count":10590336,"self":6.4092856,"total":6.4092856,"children":null},"RequestDecision":{"count":10590336,"self":21.2913616,"total":119.7695316,"children":{"AgentInfo.ToProto":{"count":10590336,"self":17.0530512,"total":98.4781702,"children":{"GenerateSensorData":{"count":10590336,"self":61.424185599999994,"total":81.4251191,"children":{"RayPerceptionSensor.Perceive":{"count":10590336,"self":20.0009312,"total":20.0009315,"children":null}}}}}}}}},"DecideAction":{"count":827367,"self":4945.0541056,"total":4945.0540862,"children":null},"AgentAct":{"count":827367,"self":112.1728256,"total":113.763604,"children":{"AgentInfo.ToProto":{"count":102672,"self":0.34480659999999996,"total":1.590778,"children":{"GenerateSensorData":{"count":102672,"self":0.9509013,"total":1.2459714,"children":{"RayPerceptionSensor.Perceive":{"count":102672,"self":0.2950701,"total":0.2950701,"children":null}}}}}}},"AgentInfo.ToProto":{"count":6277,"self":0.0500127,"total":0.16259189999999998,"children":{"GenerateSensorData":{"count":6277,"self":0.0926391,"total":0.11257919999999999,"children":{"RayPerceptionSensor.Perceive":{"count":6277,"self":0.0199401,"total":0.0199401,"children":null}}}}}},"gauges":{"ParkAgent.CumulativeReward":{"count":108949,"max":2.980184,"min":-1.01725,"runningAverage":2.55871487,"value":2.82776022,"weightedAverage":2.80314088}},"metadata":{"timer_format_version":"0.1.0","start_time_seconds":"1653845985","unity_version":"2021.3.2f1","command_line_arguments":"C:\\Program Files\\Unity\\Hub\\Editor\\2021.3.2f1\\Editor\\Unity.exe -projectpath C:\\Users\\Szesny\\Desktop\\Projekty\\BMMSI\\Unity-AI-Learns-To-Park\\version A -useHub -hubIPC -cloudEnvironment production -licensingIpc LicenseClient-CzWwSh87XXive3Buul11o -hubSessionId 41f8f8f0-df31-11ec-9ef0-231633fc46a5 -accessToken VKQeDARk8uueI_4IcA-qrXx21fa7b6CKIZ063PCQJC8001f","communication_protocol_version":"1.5.0","com.unity.ml-agents_version":"2.0.0","scene_name":"DemoScene","end_time_seconds":"1653852828"}}