{"count":1,"self":1190.2995455999999,"total":6973.5851506,"children":{"InitializeActuators":{"count":128,"self":0.0019947999999999997,"total":0.0019947999999999997,"children":null},"InitializeSensors":{"count":128,"self":0.0029919,"total":0.0029919,"children":null},"AgentSendState":{"count":837301,"self":455.3014272,"total":604.6717279,"children":{"CollectObservations":{"count":10717504,"self":24.448524799999998,"total":24.4485241,"children":null},"WriteActionMask":{"count":10717504,"self":6.4644084,"total":6.4644084,"children":null},"RequestDecision":{"count":10717504,"self":21.662740799999998,"total":118.45738209999999,"children":{"AgentInfo.ToProto":{"count":10717504,"self":17.0470896,"total":96.7946419,"children":{"GenerateSensorData":{"count":10717504,"self":59.0521408,"total":79.7475522,"children":{"RayPerceptionSensor.Perceive":{"count":10717504,"self":20.695409599999998,"total":20.6954095,"children":null}}}}}}}}},"DecideAction":{"count":837301,"self":5056.8462335999993,"total":5056.8460747,"children":null},"AgentAct":{"count":837301,"self":119.8308096,"total":121.7140807,"children":{"AgentInfo.ToProto":{"count":128089,"self":0.41304759999999996,"total":1.8832763,"children":{"GenerateSensorData":{"count":128089,"self":1.1081827,"total":1.4702286999999998,"children":{"RayPerceptionSensor.Perceive":{"count":128089,"self":0.362046,"total":0.362046,"children":null}}}}}}},"AgentInfo.ToProto":{"count":3163,"self":0.0119362,"total":0.0477009,"children":{"GenerateSensorData":{"count":3163,"self":0.0208308,"total":0.035764699999999996,"children":{"RayPerceptionSensor.Perceive":{"count":3163,"self":0.0149339,"total":0.0149339,"children":null}}}}}},"gauges":{"ParkAgent.CumulativeReward":{"count":131252,"max":2.9770627,"min":-1.0115,"runningAverage":2.74099445,"value":2.79872346,"weightedAverage":2.81341648}},"metadata":{"timer_format_version":"0.1.0","start_time_seconds":"1654423077","unity_version":"2021.3.2f1","command_line_arguments":"C:\\Program Files\\Unity\\Hub\\Editor\\2021.3.2f1\\Editor\\Unity.exe -projectpath C:\\Users\\Szesny\\Desktop\\Projekty\\BMMSI\\Unity-AI-Learns-To-Park\\version A -useHub -hubIPC -cloudEnvironment production -licensingIpc LicenseClient-x_ylxFGpe22Me3a89v3-B -hubSessionId f1789850-e4a2-11ec-b804-855a3276257c -accessToken TxQ4Vl7wZai7Hh06Mx1mRZ4MO1CGMj6wOzUjPx91NY4001f","communication_protocol_version":"1.5.0","com.unity.ml-agents_version":"2.0.0","scene_name":"DemoScene","end_time_seconds":"1654430051"}}