{"count":1,"self":1049.767936,"total":6188.8974307,"children":{"InitializeActuators":{"count":128,"self":0.0009975,"total":0.0009975,"children":null},"InitializeSensors":{"count":128,"self":0.0029920999999999997,"total":0.0029920999999999997,"children":null},"AgentSendState":{"count":726584,"self":398.09981439999996,"total":532.5332655,"children":{"CollectObservations":{"count":9300288,"self":20.9805088,"total":20.980508,"children":null},"WriteActionMask":{"count":9300288,"self":5.5600375999999994,"total":5.5600375,"children":null},"RequestDecision":{"count":9300288,"self":19.1321856,"total":107.8929162,"children":{"AgentInfo.ToProto":{"count":9300288,"self":15.749951999999999,"total":88.760730299999992,"children":{"GenerateSensorData":{"count":9300288,"self":55.057555199999996,"total":73.0107785,"children":{"RayPerceptionSensor.Perceive":{"count":9300288,"self":17.953224,"total":17.953224499999997,"children":null}}}}}}}}},"DecideAction":{"count":726584,"self":4491.8325248,"total":4491.8327191,"children":null},"AgentAct":{"count":726584,"self":112.74590719999999,"total":114.73858279999999,"children":{"AgentInfo.ToProto":{"count":126357,"self":0.4279947,"total":1.9926693,"children":{"GenerateSensorData":{"count":126357,"self":1.2302079,"total":1.5646746,"children":{"RayPerceptionSensor.Perceive":{"count":126357,"self":0.3344667,"total":0.3344667,"children":null}}}}}}},"AgentInfo.ToProto":{"count":1549,"self":0.00399,"total":0.0199148,"children":{"GenerateSensorData":{"count":1549,"self":0.0129634,"total":0.0159248,"children":{"RayPerceptionSensor.Perceive":{"count":1549,"self":0.0029614,"total":0.0029614,"children":null}}}}}},"gauges":{"ParkAgent.CumulativeReward":{"count":127906,"max":3.00000358,"min":-1,"runningAverage":2.880692,"value":2.88196659,"weightedAverage":2.91902018}},"metadata":{"timer_format_version":"0.1.0","start_time_seconds":"1654430415","unity_version":"2021.3.2f1","command_line_arguments":"C:\\Program Files\\Unity\\Hub\\Editor\\2021.3.2f1\\Editor\\Unity.exe -projectpath C:\\Users\\Szesny\\Desktop\\Projekty\\BMMSI\\Unity-AI-Learns-To-Park\\version A -useHub -hubIPC -cloudEnvironment production -licensingIpc LicenseClient-x_ylxFGpe22Me3a89v3-B -hubSessionId f1789850-e4a2-11ec-b804-855a3276257c -accessToken DGRf0ax2K1sLyB-7EeNCjHHaTL_AOhVwhZsreiGYvXs001f","communication_protocol_version":"1.5.0","com.unity.ml-agents_version":"2.0.0","scene_name":"DemoScene","end_time_seconds":"1654436604"}}