{
    "name": "root",
    "metadata": {
        "timer_format_version": "0.1.0",
        "start_time_seconds": "1652462128",
        "python_version": "3.9.9 (tags/v3.9.9:ccb0e6a, Nov 15 2021, 18:08:50) [MSC v.1929 64 bit (AMD64)]",
        "command_line_arguments": "C:\\Users\\Szesny\\Desktop\\Unity-AI-Learns-To-Park\\venv\\Scripts\\mlagents-learn --run-id=C1 --time-scale=1",
        "mlagents_version": "0.28.0",
        "mlagents_envs_version": "0.28.0",
        "communication_protocol_version": "1.5.0",
        "pytorch_version": "1.7.1+cu110",
        "numpy_version": "1.22.3",
        "end_time_seconds": "1652462309"
    },
    "total": 181.4678669,
    "count": 1,
    "self": 0.004623799999961875,
    "children": {
        "run_training.setup": {
            "total": 0.021303700000000036,
            "count": 1,
            "self": 0.021303700000000036
        },
        "TrainerController.start_learning": {
            "total": 181.44193940000002,
            "count": 1,
            "self": 0.24572269999910645,
            "children": {
                "TrainerController._reset_env": {
                    "total": 7.685069800000001,
                    "count": 1,
                    "self": 7.685069800000001
                },
                "TrainerController.advance": {
                    "total": 173.4502007000009,
                    "count": 15087,
                    "self": 0.23953560000057905,
                    "children": {
                        "env_step": {
                            "total": 170.26448400000038,
                            "count": 15087,
                            "self": 138.0134506999999,
                            "children": {
                                "SubprocessEnvManager._take_step": {
                                    "total": 32.103991699999895,
                                    "count": 15087,
                                    "self": 0.7098983999994992,
                                    "children": {
                                        "TorchPolicy.evaluate": {
                                            "total": 31.394093300000396,
                                            "count": 15087,
                                            "self": 18.842766099999398,
                                            "children": {
                                                "TorchPolicy.sample_actions": {
                                                    "total": 12.551327200000998,
                                                    "count": 15087,
                                                    "self": 12.551327200000998
                                                }
                                            }
                                        }
                                    }
                                },
                                "workers": {
                                    "total": 0.14704160000057875,
                                    "count": 15086,
                                    "self": 0.0,
                                    "children": {
                                        "worker_root": {
                                            "total": 113.37734780000036,
                                            "count": 15086,
                                            "is_parallel": true,
                                            "self": 46.733324600001595,
                                            "children": {
                                                "steps_from_proto": {
                                                    "total": 0.0005506000000004008,
                                                    "count": 1,
                                                    "is_parallel": true,
                                                    "self": 0.00018200000000145877,
                                                    "children": {
                                                        "_process_rank_one_or_two_observation": {
                                                            "total": 0.000368599999998942,
                                                            "count": 4,
                                                            "is_parallel": true,
                                                            "self": 0.000368599999998942
                                                        }
                                                    }
                                                },
                                                "UnityEnvironment.step": {
                                                    "total": 66.64347259999877,
                                                    "count": 15086,
                                                    "is_parallel": true,
                                                    "self": 1.0578223999984715,
                                                    "children": {
                                                        "UnityEnvironment._generate_step_input": {
                                                            "total": 0.6993677000003,
                                                            "count": 15086,
                                                            "is_parallel": true,
                                                            "self": 0.6993677000003
                                                        },
                                                        "communicator.exchange": {
                                                            "total": 61.465055900000216,
                                                            "count": 15086,
                                                            "is_parallel": true,
                                                            "self": 61.465055900000216
                                                        },
                                                        "steps_from_proto": {
                                                            "total": 3.4212265999997804,
                                                            "count": 15086,
                                                            "is_parallel": true,
                                                            "self": 1.4886142000008142,
                                                            "children": {
                                                                "_process_rank_one_or_two_observation": {
                                                                    "total": 1.9326123999989662,
                                                                    "count": 60344,
                                                                    "is_parallel": true,
                                                                    "self": 1.9326123999989662
                                                                }
                                                            }
                                                        }
                                                    }
                                                }
                                            }
                                        }
                                    }
                                }
                            }
                        },
                        "trainer_advance": {
                            "total": 2.9461810999999276,
                            "count": 15086,
                            "self": 0.28211869999953976,
                            "children": {
                                "process_trajectory": {
                                    "total": 1.2232521000003924,
                                    "count": 15086,
                                    "self": 1.2232521000003924
                                },