{
    "name": "root",
    "gauges": {
        "ParkAgent.Policy.Entropy.mean": {
            "value": 2.1147241592407227,
            "min": 2.1147241592407227,
            "max": 2.156630516052246,
            "count": 2
        },
        "ParkAgent.Policy.Entropy.sum": {
            "value": 105748.890625,
            "min": 105748.890625,
            "max": 107891.9140625,
            "count": 2
        },
        "ParkAgent.Step.mean": {
            "value": 99970.0,
            "min": 49964.0,
            "max": 99970.0,
            "count": 2
        },
        "ParkAgent.Step.sum": {
            "value": 99970.0,
            "min": 49964.0,
            "max": 99970.0,
            "count": 2
        },
        "ParkAgent.Policy.ExtrinsicValueEstimate.mean": {
            "value": 4.953377723693848,
            "min": 0.4180753827095032,
            "max": 4.953377723693848,
            "count": 2
        },
        "ParkAgent.Policy.ExtrinsicValueEstimate.sum": {
            "value": 3967.655517578125,
            "min": 334.042236328125,
            "max": 3967.655517578125,
            "count": 2
        },
        "ParkAgent.Environment.EpisodeLength.mean": {
            "value": 1839.2222222222222,
            "min": 1684.3793103448277,
            "max": 1839.2222222222222,
            "count": 2
        },
        "ParkAgent.Environment.EpisodeLength.sum": {
            "value": 49659.0,
            "min": 48847.0,
            "max": 49659.0,
            "count": 2
        },
        "ParkAgent.Environment.CumulativeReward.mean": {
            "value": 158.7617133061091,
            "min": 136.87958270722422,
            "max": 158.7617133061091,
            "count": 2
        },
        "ParkAgent.Environment.CumulativeReward.sum": {
            "value": 4286.566259264946,
            "min": 3969.5078985095024,
            "max": 4286.566259264946,
            "count": 2
        },
        "ParkAgent.Policy.ExtrinsicReward.mean": {
            "value": 158.7617133061091,
            "min": 136.87958270722422,
            "max": 158.7617133061091,
            "count": 2
        },
        "ParkAgent.Policy.ExtrinsicReward.sum": {
            "value": 4286.566259264946,
            "min": 3969.5078985095024,
            "max": 4286.566259264946,
            "count": 2
        },
        "ParkAgent.Losses.PolicyLoss.mean": {
            "value": 0.024963778102149566,
            "min": 0.024963778102149566,
            "max": 0.027811311148495103,
            "count": 2
        },
        "ParkAgent.Losses.PolicyLoss.sum": {
            "value": 0.12481889051074782,
            "min": 0.11124524459398041,
            "max": 0.12481889051074782,
            "count": 2
        },
        "ParkAgent.Losses.ValueLoss.mean": {
            "value": 6.565855427583058,
            "min": 6.565855427583058,
            "max": 18.140803401668865,
            "count": 2
        },
        "ParkAgent.Losses.ValueLoss.sum": {
            "value": 32.82927713791529,
            "min": 32.82927713791529,
            "max": 72.56321360667546,
            "count": 2
        },
        "ParkAgent.Policy.LearningRate.mean": {
            "value": 0.00025690357436547993,
            "min": 0.00025690357436547993,
            "max": 0.00028461555512814994,
            "count": 2
        },
        "ParkAgent.Policy.LearningRate.sum": {
            "value": 0.0012845178718273998,
            "min": 0.0011384622205125997,
            "max": 0.0012845178718273998,
            "count": 2
        },
        "ParkAgent.Policy.Epsilon.mean": {
            "value": 0.18563452000000003,
            "min": 0.18563452000000003,
            "max": 0.19487184999999999,
            "count": 2
        },
        "ParkAgent.Policy.Epsilon.sum": {
            "value": 0.9281726000000001,
            "min": 0.7794873999999999,
            "max": 0.9281726000000001,
            "count": 2
        },
        "ParkAgent.Policy.Beta.mean": {
            "value": 0.0042831625480000005,
            "min": 0.0042831625480000005,
            "max": 0.004744105314999999,
            "count": 2
        },
        "ParkAgent.Policy.Beta.sum": {
            "value": 0.02141581274,
            "min": 0.018976421259999997,
            "max": 0.02141581274,
            "count": 2
        },
        "ParkAgent.IsTraining.mean": {
            "value": 1.0,
            "min": 1.0,
            "max": 1.0,
            "count": 2
        },
        "ParkAgent.IsTraining.sum": {
            "value": 1.0,
            "min": 1.0,
            "max": 1.0,
            "count": 2
        }
    },
    "metadata": {
        "timer_format_version": "0.1.0",
        "start_time_seconds": "1652459811",
        "python_version": "3.9.9 (tags/v3.9.9:ccb0e6a, Nov 15 2021, 18:08:50) [MSC v.1929 64 bit (AMD64)]",
        "command_line_arguments": "C:\\Users\\Szesny\\Desktop\\Unity-AI-Learns-To-Park\\venv\\Scripts\\mlagents-learn --run-id=A8 --time-scale=1",
        "mlagents_version": "0.28.0",
        "mlagents_envs_version": "0.28.0",
        "communication_protocol_version": "1.5.0",
        "pytorch_version": "1.7.1+cu110",
        "numpy_version": "1.22.3",
        "end_time_seconds": "1652461208"
    },
    "total": 1397.1804955999999,
    "count": 1,
    "self": 0.004067900000109148,
    "children": {
        "run_training.setup": {
            "total": 0.020837400000000006,
            "count": 1,
            "self": 0.020837400000000006
        },
        "TrainerController.start_learning": {
            "total": 1397.1555902999999,
            "count": 1,
            "self": 2.5147277000337454,
            "children": {
                "TrainerController._reset_env": {
                    "total": 6.505376,
                    "count": 1,
                    "self": 6.505376
                },
                "TrainerController.advance": {
                    "total": 1388.059451599966,
                    "count": 149967,
                    "self": 2.3532116999494974,
                    "children": {
                        "env_step": {
                            "total": 1348.3763591000138,
                            "count": 149967,
                            "self": 828.7949311000335,
                            "children": {
                                "SubprocessEnvManager._take_step": {
                                    "total": 518.0191474999642,
                                    "count": 149967,
                                    "self": 6.308441799975753,
                                    "children": {
                                        "TorchPolicy.evaluate": {
                                            "total": 511.71070569998847,
                                            "count": 149967,
                                            "self": 189.43871909998643,
                                            "children": {
                                                "TorchPolicy.sample_actions": {
                                                    "total": 322.27198660000204,
                                                    "count": 149967,
                                                    "self": 322.27198660000204
                                                }
                                            }
                                        }
                                    }
                                },
                                "workers": {
                                    "total": 1.5622805000161142,
                                    "count": 149966,
                                    "self": 0.0,
                                    "children": {
                                        "worker_root": {
                                            "total": 1343.0514197999878,
                                            "count": 149966,
                                            "is_parallel": true,