{
    "name": "root",
    "metadata": {
        "timer_format_version": "0.1.0",
        "start_time_seconds": "1651925619",
        "python_version": "3.9.9 (tags/v3.9.9:ccb0e6a, Nov 15 2021, 18:08:50) [MSC v.1929 64 bit (AMD64)]",
        "command_line_arguments": "C:\\Users\\Szesny\\Desktop\\Unity-AI-Learns-To-Park\\venv\\Scripts\\mlagents-learn --run-id=Test15",
        "mlagents_version": "0.29.0",
        "mlagents_envs_version": "0.29.0",
        "communication_protocol_version": "1.5.0",
        "pytorch_version": "1.7.1+cu110",
        "numpy_version": "1.21.2",
        "end_time_seconds": "1651925759"
    },
    "total": 140.3841577,
    "count": 1,
    "self": 0.004227200000030962,
    "children": {
        "run_training.setup": {
            "total": 0.021958400000000045,
            "count": 1,
            "self": 0.021958400000000045
        },
        "TrainerController.start_learning": {
            "total": 140.35797209999998,
            "count": 1,
            "self": 0.2575783000011711,
            "children": {
                "TrainerController._reset_env": {
                    "total": 6.8841081,
                    "count": 1,
                    "self": 6.8841081
                },
                "TrainerController.advance": {
                    "total": 133.1206847999988,
                    "count": 17085,
                    "self": 0.23735859999877107,
                    "children": {
                        "env_step": {
                            "total": 130.08157500000038,
                            "count": 17085,
                            "self": 71.95458880000096,
                            "children": {
                                "SubprocessEnvManager._take_step": {
                                    "total": 57.97768719999975,
                                    "count": 17085,
                                    "self": 0.6812482000000841,
                                    "children": {
                                        "TorchPolicy.evaluate": {
                                            "total": 57.296438999999665,
                                            "count": 17077,
                                            "self": 21.57055639999991,
                                            "children": {
                                                "TorchPolicy.sample_actions": {
                                                    "total": 35.72588259999976,
                                                    "count": 17077,
                                                    "self": 35.72588259999976
                                                }
                                            }
                                        }
                                    }
                                },
                                "workers": {
                                    "total": 0.14929899999967589,
                                    "count": 17084,
                                    "self": 0.0,
                                    "children": {
                                        "worker_root": {
                                            "total": 113.60761170000053,
                                            "count": 17084,
                                            "is_parallel": true,
                                            "self": 72.24455370000172,
                                            "children": {
                                                "steps_from_proto": {
                                                    "total": 0.0003831000000005247,
                                                    "count": 1,
                                                    "is_parallel": true,
                                                    "self": 0.00023499999999998522,
                                                    "children": {
                                                        "_process_rank_one_or_two_observation": {
                                                            "total": 0.00014810000000053947,
                                                            "count": 2,
                                                            "is_parallel": true,
                                                            "self": 0.00014810000000053947
                                                        }
                                                    }
                                                },
                                                "UnityEnvironment.step": {
                                                    "total": 41.36267489999882,
                                                    "count": 17084,
                                                    "is_parallel": true,
                                                    "self": 0.8870455999975917,
                                                    "children": {
                                                        "UnityEnvironment._generate_step_input": {
                                                            "total": 0.7514109000011748,
                                                            "count": 17084,
                                                            "is_parallel": true,
                                                            "self": 0.7514109000011748
                                                        },
                                                        "communicator.exchange": {
                                                            "total": 36.35588610000016,
                                                            "count": 17084,
                                                            "is_parallel": true,
                                                            "self": 36.35588610000016
                                                        },
                                                        "steps_from_proto": {
                                                            "total": 3.3683322999998904,
                                                            "count": 17082,
                                                            "is_parallel": true,
                                                            "self": 2.276986799999582,
                                                            "children": {
                                                                "_process_rank_one_or_two_observation": {
                                                                    "total": 1.0913455000003083,
                                                                    "count": 34164,
                                                                    "is_parallel": true,
                                                                    "self": 1.0913455000003083
                                                                }
                                                            }
                                                        }
                                                    }
                                                }
                                            }
                                        }
                                    }
                                }
                            }
                        },
                        "trainer_advance": {
                            "total": 2.801751199999636,
                            "count": 17084,
                            "self": 0.2794528999994128,
                            "children": {
                                "process_trajectory": {
                                    "total": 1.227487700000232,
                                    "count": 17084,
                                    "self": 1.227487700000232
                                },