{
    "name": "root",
    "metadata": {
        "timer_format_version": "0.1.0",
        "start_time_seconds": "1651490743",
        "python_version": "3.9.9 (tags/v3.9.9:ccb0e6a, Nov 15 2021, 18:08:50) [MSC v.1929 64 bit (AMD64)]",
        "command_line_arguments": "C:\\Users\\Szesny\\Desktop\\Unity-AI-Learns-To-Park\\venv\\Scripts\\mlagents-learn --run-id=Test2",
        "mlagents_version": "0.29.0",
        "mlagents_envs_version": "0.29.0",
        "communication_protocol_version": "1.5.0",
        "pytorch_version": "1.7.1+cu110",
        "numpy_version": "1.21.2",
        "end_time_seconds": "1651490857"
    },
    "total": 114.36833560000001,
    "count": 1,
    "self": 0.004820000000023583,
    "children": {
        "run_training.setup": {
            "total": 0.0223449,
            "count": 1,
            "self": 0.0223449
        },
        "TrainerController.start_learning": {
            "total": 114.34117069999999,
            "count": 1,
            "self": 0.10481089999989024,
            "children": {
                "TrainerController._reset_env": {
                    "total": 5.566046699999999,
                    "count": 1,
                    "self": 5.566046699999999
                },
                "TrainerController.advance": {
                    "total": 108.58700130000011,
                    "count": 7367,
                    "self": 0.10329760000013266,
                    "children": {
                        "env_step": {
                            "total": 107.80995379999997,
                            "count": 7367,
                            "self": 83.54661949999976,
                            "children": {
                                "SubprocessEnvManager._take_step": {
                                    "total": 24.198042900000168,
                                    "count": 7367,
                                    "self": 0.30033460000035106,
                                    "children": {
                                        "TorchPolicy.evaluate": {
                                            "total": 23.897708299999817,
                                            "count": 7367,
                                            "self": 8.403041099999914,
                                            "children": {
                                                "TorchPolicy.sample_actions": {
                                                    "total": 15.494667199999903,
                                                    "count": 7367,
                                                    "self": 15.494667199999903
                                                }
                                            }
                                        }
                                    }
                                },
                                "workers": {
                                    "total": 0.06529140000003686,
                                    "count": 7366,
                                    "self": 0.0,
                                    "children": {
                                        "worker_root": {
                                            "total": 48.43512790000012,
                                            "count": 7366,
                                            "is_parallel": true,
                                            "self": 30.48153649999989,
                                            "children": {
                                                "steps_from_proto": {
                                                    "total": 0.0003650000000003928,
                                                    "count": 1,
                                                    "is_parallel": true,
                                                    "self": 0.0001845999999998682,
                                                    "children": {
                                                        "_process_rank_one_or_two_observation": {
                                                            "total": 0.00018040000000052459,
                                                            "count": 2,
                                                            "is_parallel": true,
                                                            "self": 0.00018040000000052459
                                                        }
                                                    }
                                                },
                                                "UnityEnvironment.step": {
                                                    "total": 17.95322640000023,
                                                    "count": 7366,
                                                    "is_parallel": true,
                                                    "self": 0.3949308000001679,
                                                    "children": {
                                                        "UnityEnvironment._generate_step_input": {
                                                            "total": 0.34986640000017655,
                                                            "count": 7366,
                                                            "is_parallel": true,
                                                            "self": 0.34986640000017655
                                                        },
                                                        "communicator.exchange": {
                                                            "total": 15.69853479999999,
                                                            "count": 7366,
                                                            "is_parallel": true,
                                                            "self": 15.69853479999999
                                                        },
                                                        "steps_from_proto": {
                                                            "total": 1.5098943999998928,
                                                            "count": 7366,
                                                            "is_parallel": true,
                                                            "self": 1.0091424999999346,
                                                            "children": {
                                                                "_process_rank_one_or_two_observation": {
                                                                    "total": 0.5007518999999583,
                                                                    "count": 14732,
                                                                    "is_parallel": true,
                                                                    "self": 0.5007518999999583
                                                                }
                                                            }
                                                        }
                                                    }
                                                }
                                            }
                                        }
                                    }
                                }
                            }
                        },
                        "trainer_advance": {
                            "total": 0.673749899999998,
                            "count": 7366,
                            "self": 0.13050270000001163,
                            "children": {
                                "process_trajectory": {
                                    "total": 0.5432471999999864,
                                    "count": 7366,
                                    "self": 0.5432471999999864
                                }
                            }
                        }
                    }
                },