{
    "name": "root",
    "metadata": {
        "timer_format_version": "0.1.0",
        "start_time_seconds": "1652447844",
        "python_version": "3.9.9 (tags/v3.9.9:ccb0e6a, Nov 15 2021, 18:08:50) [MSC v.1929 64 bit (AMD64)]",
        "command_line_arguments": "C:\\Users\\Szesny\\Desktop\\Unity-AI-Learns-To-Park\\venv\\Scripts\\mlagents-learn --run-id=test2",
        "mlagents_version": "0.28.0",
        "mlagents_envs_version": "0.28.0",
        "communication_protocol_version": "1.5.0",
        "pytorch_version": "1.7.1+cu110",
        "numpy_version": "1.22.3",
        "end_time_seconds": "1652448036"
    },
    "total": 192.05096369999998,
    "count": 1,
    "self": 0.007642399999980398,
    "children": {
        "run_training.setup": {
            "total": 0.021423599999999987,
            "count": 1,
            "self": 0.021423599999999987
        },
        "TrainerController.start_learning": {
            "total": 192.0218977,
            "count": 1,
            "self": 0.2988496000003238,
            "children": {
                "TrainerController._reset_env": {
                    "total": 6.5154913,
                    "count": 1,
                    "self": 6.5154913
                },
                "TrainerController.advance": {
                    "total": 185.0974893999997,
                    "count": 19601,
                    "self": 0.2889701000014213,
                    "children": {
                        "env_step": {
                            "total": 180.974095999998,
                            "count": 19601,
                            "self": 108.95222190000035,
                            "children": {
                                "SubprocessEnvManager._take_step": {
                                    "total": 71.84747649999886,
                                    "count": 19601,
                                    "self": 0.83199739999813,
                                    "children": {
                                        "TorchPolicy.evaluate": {
                                            "total": 71.01547910000073,
                                            "count": 19601,
                                            "self": 27.072295300000825,
                                            "children": {
                                                "TorchPolicy.sample_actions": {
                                                    "total": 43.94318379999991,
                                                    "count": 19601,
                                                    "self": 43.94318379999991
                                                }
                                            }
                                        }
                                    }
                                },
                                "workers": {
                                    "total": 0.17439759999880344,
                                    "count": 19600,
                                    "self": 0.0,
                                    "children": {
                                        "worker_root": {
                                            "total": 125.34815609999939,
                                            "count": 19600,
                                            "is_parallel": true,
                                            "self": 90.2828996000002,
                                            "children": {
                                                "steps_from_proto": {
                                                    "total": 0.0006123999999996244,
                                                    "count": 1,
                                                    "is_parallel": true,
                                                    "self": 0.00028670000000019513,
                                                    "children": {
                                                        "_process_rank_one_or_two_observation": {
                                                            "total": 0.0003256999999994292,
                                                            "count": 4,
                                                            "is_parallel": true,
                                                            "self": 0.0003256999999994292
                                                        }
                                                    }
                                                },
                                                "UnityEnvironment.step": {
                                                    "total": 35.06464409999917,
                                                    "count": 19600,
                                                    "is_parallel": true,
                                                    "self": 1.198557599997912,
                                                    "children": {
                                                        "UnityEnvironment._generate_step_input": {
                                                            "total": 1.0228341000007521,
                                                            "count": 19600,
                                                            "is_parallel": true,
                                                            "self": 1.0228341000007521
                                                        },
                                                        "communicator.exchange": {
                                                            "total": 27.563746600000677,
                                                            "count": 19600,
                                                            "is_parallel": true,
                                                            "self": 27.563746600000677
                                                        },
                                                        "steps_from_proto": {
                                                            "total": 5.2795057999998285,
                                                            "count": 19600,
                                                            "is_parallel": true,
                                                            "self": 3.0562780000017558,
                                                            "children": {
                                                                "_process_rank_one_or_two_observation": {
                                                                    "total": 2.2232277999980727,
                                                                    "count": 78400,
                                                                    "is_parallel": true,
                                                                    "self": 2.2232277999980727
                                                                }
                                                            }
                                                        }
                                                    }
                                                }
                                            }
                                        }
                                    }
                                }
                            }
                        },
                        "trainer_advance": {
                            "total": 3.834423300000255,
                            "count": 19600,
                            "self": 0.3477121000008747,
                            "children": {
                                "process_trajectory": {
                                    "total": 1.7771609999993707,
                                    "count": 19600,
                                    "self": 1.7771609999993707
                                },
                                "_update_policy": {
                                    "total": 1.7095502000000096,