{
    "name": "root",
    "gauges": {
        "ParkAgent.Policy.Entropy.mean": {
            "value": 1.444568157196045,
            "min": 1.418938398361206,
            "max": 1.456422209739685,
            "count": 68
        },
        "ParkAgent.Policy.Entropy.sum": {
            "value": 28891.36328125,
            "min": 27623.828125,
            "max": 29937.6875,
            "count": 68
        },
        "ParkAgent.Environment.EpisodeLength.mean": {
            "value": 1999.0,
            "min": 1400.0,
            "max": 1999.0,
            "count": 68
        },
        "ParkAgent.Environment.EpisodeLength.sum": {
            "value": 19990.0,
            "min": 18410.0,
            "max": 21964.0,
            "count": 68
        },
        "ParkAgent.Step.mean": {
            "value": 1359872.0,
            "min": 19196.0,
            "max": 1359872.0,
            "count": 68
        },
        "ParkAgent.Step.sum": {
            "value": 1359872.0,
            "min": 19196.0,
            "max": 1359872.0,
            "count": 68
        },
        "ParkAgent.Policy.ExtrinsicValueEstimate.mean": {
            "value": 0.21352367103099823,
            "min": -13.588536262512207,
            "max": 1.0491254329681396,
            "count": 68
        },
        "ParkAgent.Policy.ExtrinsicValueEstimate.sum": {
            "value": 4.270473480224609,
            "min": -285.3592529296875,
            "max": 20.982507705688477,
            "count": 68
        },
        "ParkAgent.Environment.CumulativeReward.mean": {
            "value": 0.06940001100301743,
            "min": -1077.1192126715412,
            "max": 221.07934366241096,
            "count": 68
        },
        "ParkAgent.Environment.CumulativeReward.sum": {
            "value": 0.6940001100301743,
            "min": -14002.549764730036,
            "max": 2210.7934366241097,
            "count": 68
        },
        "ParkAgent.Policy.ExtrinsicReward.mean": {
            "value": 0.06940001100301743,
            "min": -1077.1192126715412,
            "max": 221.07934366241096,
            "count": 68
        },
        "ParkAgent.Policy.ExtrinsicReward.sum": {
            "value": 0.6940001100301743,
            "min": -14002.549764730036,
            "max": 2210.7934366241097,
            "count": 68
        },
        "ParkAgent.IsTraining.mean": {
            "value": 1.0,
            "min": 1.0,
            "max": 1.0,
            "count": 68
        },
        "ParkAgent.IsTraining.sum": {
            "value": 1.0,
            "min": 1.0,
            "max": 1.0,
            "count": 68
        },
        "ParkAgent.Losses.PolicyLoss.mean": {
            "value": 0.01931783164618537,
            "min": 0.012586867698701099,
            "max": 0.021406865515746176,
            "count": 64
        },
        "ParkAgent.Losses.PolicyLoss.sum": {
            "value": 0.01931783164618537,
            "min": 0.012586867698701099,
            "max": 0.021406865515746176,
            "count": 64
        },
        "ParkAgent.Losses.ValueLoss.mean": {
            "value": 0.18898095544427634,
            "min": 0.18898095544427634,
            "max": 6501.716784667969,
            "count": 64
        },
        "ParkAgent.Losses.ValueLoss.sum": {
            "value": 0.18898095544427634,
            "min": 0.18898095544427634,
            "max": 6501.716784667969,
            "count": 64
        },
        "ParkAgent.Policy.LearningRate.mean": {
            "value": 0.0002,
            "min": 0.0002,
            "max": 0.0002,
            "count": 64
        },
        "ParkAgent.Policy.LearningRate.sum": {
            "value": 0.0002,
            "min": 0.0002,
            "max": 0.0002,
            "count": 64
        },
        "ParkAgent.Policy.Epsilon.mean": {
            "value": 0.15,
            "min": 0.15,
            "max": 0.15,
            "count": 64
        },
        "ParkAgent.Policy.Epsilon.sum": {
            "value": 0.15,
            "min": 0.15,
            "max": 0.15,
            "count": 64
        },
        "ParkAgent.Policy.Beta.mean": {
            "value": 0.003,
            "min": 0.003,
            "max": 0.003,
            "count": 64
        },
        "ParkAgent.Policy.Beta.sum": {
            "value": 0.003,
            "min": 0.003,
            "max": 0.003,
            "count": 64
        }
    },
    "metadata": {
        "timer_format_version": "0.1.0",
        "start_time_seconds": "1652546066",
        "python_version": "3.9.9 (tags/v3.9.9:ccb0e6a, Nov 15 2021, 18:08:50) [MSC v.1929 64 bit (AMD64)]",
        "command_line_arguments": "C:\\Users\\Szesny\\Desktop\\Unity-AI-Learns-To-Park\\venv\\Scripts\\mlagents-learn config\\ParkAgent.yaml --run-id=A6",
        "mlagents_version": "0.28.0",
        "mlagents_envs_version": "0.28.0",
        "communication_protocol_version": "1.5.0",
        "pytorch_version": "1.7.1+cu110",
        "numpy_version": "1.22.3",
        "end_time_seconds": "1652551752"
    },
    "total": 5685.867158,
    "count": 1,
    "self": 0.004361100000096485,
    "children": {
        "run_training.setup": {
            "total": 0.07044839999999997,
            "count": 1,
            "self": 0.07044839999999997
        },
        "TrainerController.start_learning": {
            "total": 5685.7923485,
            "count": 1,
            "self": 18.882996699842806,
            "children": {
                "TrainerController._reset_env": {
                    "total": 5.1270391,
                    "count": 1,
                    "self": 5.1270391
                },
                "TrainerController.advance": {
                    "total": 5661.721741900157,
                    "count": 1363601,
                    "self": 18.651823800289094,
                    "children": {
                        "env_step": {
                            "total": 5292.5148778998555,
                            "count": 1363601,
                            "self": 2563.907622400386,
                            "children": {
                                "SubprocessEnvManager._take_step": {
                                    "total": 2716.9383803997516,
                                    "count": 1363601,
                                    "self": 56.77137189939958,
                                    "children": {
                                        "TorchPolicy.evaluate": {
                                            "total": 2660.167008500352,
                                            "count": 1363601,
                                            "self": 1528.735905499997,
                                            "children": {
                                                "TorchPolicy.sample_actions": {
                                                    "total": 1131.431103000355,
                                                    "count": 1363601,
                                                    "self": 1131.431103000355
                                                }
                                            }
                                        }
                                    }
                                },
                                "workers": {
                                    "total": 11.668875099717702,
                                    "count": 1363600,
                                    "self": 0.0,
                                    "children": {
                                        "worker_root": {
                                            "total": 5597.330728799864,
                                            "count": 1363600,
                                            "is_parallel": true,
                                            "self": 3860.7804538999508,