{
    "name": "root",
    "gauges": {
        "ParkAgent.Policy.Entropy.mean": {
            "value": 2.1760237216949463,
            "min": 2.1582353115081787,
            "max": 2.190009117126465,
            "count": 10
        },
        "ParkAgent.Policy.Entropy.sum": {
            "value": 108757.6640625,
            "min": 107967.875,
            "max": 109524.6875,
            "count": 10
        },
        "ParkAgent.Step.mean": {
            "value": 499952.0,
            "min": 49946.0,
            "max": 499952.0,
            "count": 10
        },
        "ParkAgent.Step.sum": {
            "value": 499952.0,
            "min": 49946.0,
            "max": 499952.0,
            "count": 10
        },
        "ParkAgent.Policy.ExtrinsicValueEstimate.mean": {
            "value": -0.023661842569708824,
            "min": -0.023661842569708824,
            "max": 4.115846633911133,
            "count": 10
        },
        "ParkAgent.Policy.ExtrinsicValueEstimate.sum": {
            "value": -18.882150650024414,
            "min": -18.882150650024414,
            "max": 3370.87841796875,
            "count": 10
        },
        "ParkAgent.Environment.EpisodeLength.mean": {
            "value": 1790.857142857143,
            "min": 582.8390804597701,
            "max": 1790.857142857143,
            "count": 10
        },
        "ParkAgent.Environment.EpisodeLength.sum": {
            "value": 50144.0,
            "min": 48702.0,
            "max": 50853.0,
            "count": 10
        },
        "ParkAgent.Environment.CumulativeReward.mean": {
            "value": -0.32142857142857145,
            "min": -0.8850574712643678,
            "max": -0.14285714285714285,
            "count": 10
        },
        "ParkAgent.Environment.CumulativeReward.sum": {
            "value": -9.0,
            "min": -77.0,
            "max": -4.0,
            "count": 10
        },
        "ParkAgent.Policy.ExtrinsicReward.mean": {
            "value": -0.32142857142857145,
            "min": -0.8850574712643678,
            "max": -0.14285714285714285,
            "count": 10
        },
        "ParkAgent.Policy.ExtrinsicReward.sum": {
            "value": -9.0,
            "min": -77.0,
            "max": -4.0,
            "count": 10
        },
        "ParkAgent.Losses.PolicyLoss.mean": {
            "value": 0.025481656516591705,
            "min": 0.021859462986079357,
            "max": 0.026183163036281865,
            "count": 10
        },
        "ParkAgent.Losses.PolicyLoss.sum": {
            "value": 0.12740828258295853,
            "min": 0.08906776527874172,
            "max": 0.13091581518140932,
            "count": 10
        },
        "ParkAgent.Losses.ValueLoss.mean": {
            "value": 0.0011293971297709504,
            "min": 0.0011293971297709504,
            "max": 0.46096616437037785,
            "count": 10
        },
        "ParkAgent.Losses.ValueLoss.sum": {
            "value": 0.005646985648854752,
            "min": 0.005646985648854752,
            "max": 1.8438646574815114,
            "count": 10
        },
        "ParkAgent.Policy.LearningRate.mean": {
            "value": 1.632261455916e-05,
            "min": 1.632261455916e-05,
            "max": 0.00028456785514405,
            "count": 10
        },
        "ParkAgent.Policy.LearningRate.sum": {
            "value": 8.16130727958e-05,
            "min": 8.16130727958e-05,
            "max": 0.0012841410719529997,
            "count": 10
        },
        "ParkAgent.Policy.Epsilon.mean": {
            "value": 0.10544084000000002,
            "min": 0.10544084000000002,
            "max": 0.19485595000000003,
            "count": 10
        },
        "ParkAgent.Policy.Epsilon.sum": {
            "value": 0.5272042000000001,
            "min": 0.4998615999999999,
            "max": 0.9280470000000001,
            "count": 10
        },
        "ParkAgent.Policy.Beta.mean": {
            "value": 0.000281497916,
            "min": 0.000281497916,
            "max": 0.004743311905,
            "count": 10
        },
        "ParkAgent.Policy.Beta.sum": {
            "value": 0.00140748958,
            "min": 0.00140748958,
            "max": 0.0214095453,
            "count": 10
        },
        "ParkAgent.IsTraining.mean": {
            "value": 1.0,
            "min": 1.0,
            "max": 1.0,
            "count": 10
        },
        "ParkAgent.IsTraining.sum": {
            "value": 1.0,
            "min": 1.0,
            "max": 1.0,
            "count": 10
        }
    },
    "metadata": {
        "timer_format_version": "0.1.0",
        "start_time_seconds": "1651925910",
        "python_version": "3.9.9 (tags/v3.9.9:ccb0e6a, Nov 15 2021, 18:08:50) [MSC v.1929 64 bit (AMD64)]",
        "command_line_arguments": "C:\\Users\\Szesny\\Desktop\\Unity-AI-Learns-To-Park\\venv\\Scripts\\mlagents-learn --run-id=Test17",
        "mlagents_version": "0.29.0",
        "mlagents_envs_version": "0.29.0",
        "communication_protocol_version": "1.5.0",
        "pytorch_version": "1.7.1+cu110",
        "numpy_version": "1.21.2",
        "end_time_seconds": "1651929279"
    },
    "total": 3369.0888388000003,
    "count": 1,
    "self": 0.005737800000133575,
    "children": {
        "run_training.setup": {
            "total": 0.02165919999999999,
            "count": 1,
            "self": 0.02165919999999999
        },
        "TrainerController.start_learning": {
            "total": 3369.0614418,
            "count": 1,
            "self": 7.1492682000889545,
            "children": {
                "TrainerController._reset_env": {
                    "total": 8.024203499999999,
                    "count": 1,
                    "self": 8.024203499999999
                },
                "TrainerController.advance": {
                    "total": 3353.8352682999107,
                    "count": 500376,
                    "self": 6.802627699967616,
                    "children": {
                        "env_step": {
                            "total": 3230.954433899848,
                            "count": 500376,
                            "self": 1451.7937481000124,
                            "children": {
                                "SubprocessEnvManager._take_step": {
                                    "total": 1774.5377597997867,
                                    "count": 500376,
                                    "self": 19.708694099796958,
                                    "children": {
                                        "TorchPolicy.evaluate": {
                                            "total": 1754.8290656999898,
                                            "count": 500016,
                                            "self": 681.1661983999202,
                                            "children": {
                                                "TorchPolicy.sample_actions": {
                                                    "total": 1073.6628673000696,
                                                    "count": 500016,
                                                    "self": 1073.6628673000696
                                                }
                                            }
                                        }
                                    }
                                },
                                "workers": {
                                    "total": 4.622926000048992,
                                    "count": 500376,
                                    "self": 0.0,
                                    "children": {
                                        "worker_root": {
                                            "total": 3352.683582400031,
                                            "count": 500376,
                                            "is_parallel": true,
                                            "self": 2201.9409694999313,