{
    "name": "root",
    "metadata": {
        "timer_format_version": "0.1.0",
        "start_time_seconds": "1651925770",
        "python_version": "3.9.9 (tags/v3.9.9:ccb0e6a, Nov 15 2021, 18:08:50) [MSC v.1929 64 bit (AMD64)]",
        "command_line_arguments": "C:\\Users\\Szesny\\Desktop\\Unity-AI-Learns-To-Park\\venv\\Scripts\\mlagents-learn --run-id=Test16",
        "mlagents_version": "0.29.0",
        "mlagents_envs_version": "0.29.0",
        "communication_protocol_version": "1.5.0",
        "pytorch_version": "1.7.1+cu110",
        "numpy_version": "1.21.2",
        "end_time_seconds": "1651925871"
    },
    "total": 100.4248719,
    "count": 1,
    "self": 0.004505300000005263,
    "children": {
        "run_training.setup": {
            "total": 0.021971000000000074,
            "count": 1,
            "self": 0.021971000000000074
        },
        "TrainerController.start_learning": {
            "total": 100.3983956,
            "count": 1,
            "self": 0.16179260000063778,
            "children": {
                "TrainerController._reset_env": {
                    "total": 5.0640744,
                    "count": 1,
                    "self": 5.0640744
                },
                "TrainerController.advance": {
                    "total": 95.07234069999937,
                    "count": 11229,
                    "self": 0.15878820000010307,
                    "children": {
                        "env_step": {
                            "total": 92.51840139999993,
                            "count": 11229,
                            "self": 54.59594119999964,
                            "children": {
                                "SubprocessEnvManager._take_step": {
                                    "total": 37.82232019999994,
                                    "count": 11229,
                                    "self": 0.45032280000003055,
                                    "children": {
                                        "TorchPolicy.evaluate": {
                                            "total": 37.37199739999991,
                                            "count": 11221,
                                            "self": 14.150502900000177,
                                            "children": {
                                                "TorchPolicy.sample_actions": {
                                                    "total": 23.221494499999736,
                                                    "count": 11221,
                                                    "self": 23.221494499999736
                                                }
                                            }
                                        }
                                    }
                                },
                                "workers": {
                                    "total": 0.10014000000034251,
                                    "count": 11228,
                                    "self": 0.0,
                                    "children": {
                                        "worker_root": {
                                            "total": 76.79996560000016,
                                            "count": 11228,
                                            "is_parallel": true,
                                            "self": 48.19853680000071,
                                            "children": {
                                                "steps_from_proto": {
                                                    "total": 0.0003373999999993771,
                                                    "count": 1,
                                                    "is_parallel": true,
                                                    "self": 0.0002266000000004098,
                                                    "children": {
                                                        "_process_rank_one_or_two_observation": {
                                                            "total": 0.00011079999999896728,
                                                            "count": 2,
                                                            "is_parallel": true,
                                                            "self": 0.00011079999999896728
                                                        }
                                                    }
                                                },
                                                "UnityEnvironment.step": {
                                                    "total": 28.601091399999458,
                                                    "count": 11228,
                                                    "is_parallel": true,
                                                    "self": 0.6093154000007779,
                                                    "children": {
                                                        "UnityEnvironment._generate_step_input": {
                                                            "total": 0.511274600000081,
                                                            "count": 11228,
                                                            "is_parallel": true,
                                                            "self": 0.511274600000081
                                                        },
                                                        "communicator.exchange": {
                                                            "total": 25.162735899999635,
                                                            "count": 11228,
                                                            "is_parallel": true,
                                                            "self": 25.162735899999635
                                                        },
                                                        "steps_from_proto": {
                                                            "total": 2.317765499998961,
                                                            "count": 11228,
                                                            "is_parallel": true,
                                                            "self": 1.5774704999991433,
                                                            "children": {
                                                                "_process_rank_one_or_two_observation": {
                                                                    "total": 0.7402949999998176,
                                                                    "count": 22456,
                                                                    "is_parallel": true,
                                                                    "self": 0.7402949999998176
                                                                }
                                                            }
                                                        }
                                                    }
                                                }
                                            }
                                        }
                                    }
                                }
                            }
                        },
                        "trainer_advance": {
                            "total": 2.3951510999993406,
                            "count": 11228,
                            "self": 0.1912335999992827,
                            "children": {
                                "process_trajectory": {
                                    "total": 0.7907129000000577,
                                    "count": 11228,
                                    "self": 0.7907129000000577
                                },