{
    "name": "root",
    "metadata": {
        "timer_format_version": "0.1.0",
        "start_time_seconds": "1652456118",
        "python_version": "3.9.9 (tags/v3.9.9:ccb0e6a, Nov 15 2021, 18:08:50) [MSC v.1929 64 bit (AMD64)]",
        "command_line_arguments": "C:\\Users\\Szesny\\Desktop\\Unity-AI-Learns-To-Park\\venv\\Scripts\\mlagents-learn --run-id=A2 --time-scale=20",
        "mlagents_version": "0.28.0",
        "mlagents_envs_version": "0.28.0",
        "communication_protocol_version": "1.5.0",
        "pytorch_version": "1.7.1+cu110",
        "numpy_version": "1.22.3",
        "end_time_seconds": "1652456201"
    },
    "total": 83.1962196,
    "count": 1,
    "self": 0.004252000000022349,
    "children": {
        "run_training.setup": {
            "total": 0.020343299999999953,
            "count": 1,
            "self": 0.020343299999999953
        },
        "TrainerController.start_learning": {
            "total": 83.17162429999999,
            "count": 1,
            "self": 0.18362439999975777,
            "children": {
                "TrainerController._reset_env": {
                    "total": 5.4439101999999995,
                    "count": 1,
                    "self": 5.4439101999999995
                },
                "TrainerController.advance": {
                    "total": 77.45879360000022,
                    "count": 12901,
                    "self": 0.17654620000062948,
                    "children": {
                        "env_step": {
                            "total": 74.35937399999989,
                            "count": 12901,
                            "self": 29.27336469999929,
                            "children": {
                                "SubprocessEnvManager._take_step": {
                                    "total": 44.975248300000416,
                                    "count": 12901,
                                    "self": 0.506096200000222,
                                    "children": {
                                        "TorchPolicy.evaluate": {
                                            "total": 44.469152100000194,
                                            "count": 12901,
                                            "self": 16.79148909999975,
                                            "children": {
                                                "TorchPolicy.sample_actions": {
                                                    "total": 27.677663000000443,
                                                    "count": 12901,
                                                    "self": 27.677663000000443
                                                }
                                            }
                                        }
                                    }
                                },
                                "workers": {
                                    "total": 0.11076100000018485,
                                    "count": 12900,
                                    "self": 0.0,
                                    "children": {
                                        "worker_root": {
                                            "total": 76.05315529999974,
                                            "count": 12900,
                                            "is_parallel": true,
                                            "self": 57.233814899998976,
                                            "children": {
                                                "steps_from_proto": {
                                                    "total": 0.00044640000000040203,
                                                    "count": 1,
                                                    "is_parallel": true,
                                                    "self": 0.00023890000000115208,
                                                    "children": {
                                                        "_process_rank_one_or_two_observation": {
                                                            "total": 0.00020749999999924995,
                                                            "count": 4,
                                                            "is_parallel": true,
                                                            "self": 0.00020749999999924995
                                                        }
                                                    }
                                                },
                                                "UnityEnvironment.step": {
                                                    "total": 18.818894000000768,
                                                    "count": 12900,
                                                    "is_parallel": true,
                                                    "self": 0.7396748000015769,
                                                    "children": {
                                                        "UnityEnvironment._generate_step_input": {
                                                            "total": 0.6026831999999596,
                                                            "count": 12900,
                                                            "is_parallel": true,
                                                            "self": 0.6026831999999596
                                                        },
                                                        "communicator.exchange": {
                                                            "total": 14.226268299999544,
                                                            "count": 12900,
                                                            "is_parallel": true,
                                                            "self": 14.226268299999544
                                                        },
                                                        "steps_from_proto": {
                                                            "total": 3.250267699999685,
                                                            "count": 12900,
                                                            "is_parallel": true,
                                                            "self": 1.9021691000000693,
                                                            "children": {
                                                                "_process_rank_one_or_two_observation": {
                                                                    "total": 1.3480985999996156,
                                                                    "count": 51600,
                                                                    "is_parallel": true,
                                                                    "self": 1.3480985999996156
                                                                }
                                                            }
                                                        }
                                                    }
                                                }
                                            }
                                        }
                                    }
                                }
                            }
                        },
                        "trainer_advance": {
                            "total": 2.9228733999997,
                            "count": 12900,
                            "self": 0.2182661999992419,
                            "children": {
                                "process_trajectory": {
                                    "total": 1.100410800000466,
                                    "count": 12900,
                                    "self": 1.100410800000466
                                },