{
    "name": "root",
    "gauges": {
        "ParkAgent.Policy.Entropy.mean": {
            "value": 1.4370530843734741,
            "min": 1.4189382791519165,
            "max": 1.4370530843734741,
            "count": 24
        },
        "ParkAgent.Policy.Entropy.sum": {
            "value": 29228.22265625,
            "min": 27438.576171875,
            "max": 29719.51953125,
            "count": 24
        },
        "ParkAgent.Environment.EpisodeLength.mean": {
            "value": 1563.5384615384614,
            "min": 412.22,
            "max": 1999.0,
            "count": 24
        },
        "ParkAgent.Environment.EpisodeLength.sum": {
            "value": 20326.0,
            "min": 18312.0,
            "max": 21703.0,
            "count": 24
        },
        "ParkAgent.Step.mean": {
            "value": 479947.0,
            "min": 19936.0,
            "max": 479947.0,
            "count": 24
        },
        "ParkAgent.Step.sum": {
            "value": 479947.0,
            "min": 19936.0,
            "max": 479947.0,
            "count": 24
        },
        "ParkAgent.Policy.ExtrinsicValueEstimate.mean": {
            "value": -2.6115498542785645,
            "min": -15.07028579711914,
            "max": 0.04075884073972702,
            "count": 24
        },
        "ParkAgent.Policy.ExtrinsicValueEstimate.sum": {
            "value": -57.454097747802734,
            "min": -596.2723388671875,
            "max": 0.8559356331825256,
            "count": 24
        },
        "ParkAgent.Environment.CumulativeReward.mean": {
            "value": -275.69325813880334,
            "min": -1557.1333305652324,
            "max": 10.04831501778136,
            "count": 24
        },
        "ParkAgent.Environment.CumulativeReward.sum": {
            "value": -3584.0123558044434,
            "min": -20242.733297348022,
            "max": 472.2708058357239,
            "count": 24
        },
        "ParkAgent.Policy.ExtrinsicReward.mean": {
            "value": -275.69325813880334,
            "min": -1557.1333305652324,
            "max": 10.04831501778136,
            "count": 24
        },
        "ParkAgent.Policy.ExtrinsicReward.sum": {
            "value": -3584.0123558044434,
            "min": -20242.733297348022,
            "max": 472.2708058357239,
            "count": 24
        },
        "ParkAgent.IsTraining.mean": {
            "value": 1.0,
            "min": 1.0,
            "max": 1.0,
            "count": 24
        },
        "ParkAgent.IsTraining.sum": {
            "value": 1.0,
            "min": 1.0,
            "max": 1.0,
            "count": 24
        },
        "ParkAgent.Losses.PolicyLoss.mean": {
            "value": 0.016033416450954973,
            "min": 0.01299328253371641,
            "max": 0.01992694903165102,
            "count": 22
        },
        "ParkAgent.Losses.PolicyLoss.sum": {
            "value": 0.016033416450954973,
            "min": 0.01299328253371641,
            "max": 0.01992694903165102,
            "count": 22
        },
        "ParkAgent.Losses.ValueLoss.mean": {
            "value": 6.741423642635345,
            "min": 6.741423642635345,
            "max": 5436.904992675782,
            "count": 22
        },
        "ParkAgent.Losses.ValueLoss.sum": {
            "value": 6.741423642635345,
            "min": 6.741423642635345,
            "max": 5436.904992675782,
            "count": 22
        },
        "ParkAgent.Policy.LearningRate.mean": {
            "value": 0.0002,
            "min": 0.0002,
            "max": 0.0002,
            "count": 22
        },
        "ParkAgent.Policy.LearningRate.sum": {
            "value": 0.0002,
            "min": 0.0002,
            "max": 0.0002,
            "count": 22
        },
        "ParkAgent.Policy.Epsilon.mean": {
            "value": 0.15,
            "min": 0.15,
            "max": 0.15,
            "count": 22
        },
        "ParkAgent.Policy.Epsilon.sum": {
            "value": 0.15,
            "min": 0.15,
            "max": 0.15,
            "count": 22
        },
        "ParkAgent.Policy.Beta.mean": {
            "value": 0.003,
            "min": 0.003,
            "max": 0.003,
            "count": 22
        },
        "ParkAgent.Policy.Beta.sum": {
            "value": 0.003,
            "min": 0.003,
            "max": 0.003,
            "count": 22
        }
    },
    "metadata": {
        "timer_format_version": "0.1.0",
        "start_time_seconds": "1652526539",
        "python_version": "3.9.9 (tags/v3.9.9:ccb0e6a, Nov 15 2021, 18:08:50) [MSC v.1929 64 bit (AMD64)]",
        "command_line_arguments": "C:\\Users\\Szesny\\Desktop\\Unity-AI-Learns-To-Park\\venv\\Scripts\\mlagents-learn config\\ParkAgent.yaml --run-id=A2",
        "mlagents_version": "0.28.0",
        "mlagents_envs_version": "0.28.0",
        "communication_protocol_version": "1.5.0",
        "pytorch_version": "1.7.1+cu110",
        "numpy_version": "1.22.3",
        "end_time_seconds": "1652528764"
    },
    "total": 2225.4610448,
    "count": 1,
    "self": 0.004466699999738921,
    "children": {
        "run_training.setup": {
            "total": 0.07023049999999997,
            "count": 1,
            "self": 0.07023049999999997
        },
        "TrainerController.start_learning": {
            "total": 2225.3863476,
            "count": 1,
            "self": 7.394126600014715,
            "children": {
                "TrainerController._reset_env": {
                    "total": 3.8174971999999996,
                    "count": 1,
                    "self": 3.8174971999999996
                },
                "TrainerController.advance": {
                    "total": 2214.081632499985,
                    "count": 491496,
                    "self": 6.947345000049609,
                    "children": {
                        "env_step": {
                            "total": 2075.9653536999717,
                            "count": 491496,
                            "self": 982.8069494999081,
                            "children": {
                                "SubprocessEnvManager._take_step": {
                                    "total": 1088.5588439000499,
                                    "count": 491496,
                                    "self": 22.07523850007783,
                                    "children": {
                                        "TorchPolicy.evaluate": {
                                            "total": 1066.483605399972,
                                            "count": 491496,
                                            "self": 627.4748033000177,
                                            "children": {
                                                "TorchPolicy.sample_actions": {
                                                    "total": 439.0088020999543,
                                                    "count": 491496,
                                                    "self": 439.0088020999543
                                                }
                                            }
                                        }
                                    }
                                },
                                "workers": {
                                    "total": 4.59956030001383,
                                    "count": 491495,
                                    "self": 0.0,
                                    "children": {
                                        "worker_root": {
                                            "total": 2213.94732330006,
                                            "count": 491495,
                                            "is_parallel": true,
                                            "self": 1529.5790154000624,