{
    "name": "root",
    "metadata": {
        "timer_format_version": "0.1.0",
        "start_time_seconds": "1652476466",
        "python_version": "3.9.9 (tags/v3.9.9:ccb0e6a, Nov 15 2021, 18:08:50) [MSC v.1929 64 bit (AMD64)]",
        "command_line_arguments": "C:\\Users\\Szesny\\Desktop\\Unity-AI-Learns-To-Park\\venv\\Scripts\\mlagents-learn config/ParkAgent.yaml --run-id=C27 --resume",
        "mlagents_version": "0.28.0",
        "mlagents_envs_version": "0.28.0",
        "communication_protocol_version": "1.5.0",
        "pytorch_version": "1.7.1+cu110",
        "numpy_version": "1.22.3",
        "end_time_seconds": "1652476494"
    },
    "total": 28.3977069,
    "count": 1,
    "self": 0.005856599999997769,
    "children": {
        "run_training.setup": {
            "total": 0.07427510000000004,
            "count": 1,
            "self": 0.07427510000000004
        },
        "TrainerController.start_learning": {
            "total": 28.3175752,
            "count": 1,
            "self": 0.09456059999993727,
            "children": {
                "TrainerController._reset_env": {
                    "total": 7.595970899999999,
                    "count": 1,
                    "self": 7.595970899999999
                },
                "TrainerController.advance": {
                    "total": 20.552263700000065,
                    "count": 4755,
                    "self": 0.04388939999997987,
                    "children": {
                        "env_step": {
                            "total": 20.508374300000085,
                            "count": 4755,
                            "self": 10.287396299999948,
                            "children": {
                                "SubprocessEnvManager._take_step": {
                                    "total": 10.17856630000012,
                                    "count": 4755,
                                    "self": 0.22208920000007737,
                                    "children": {
                                        "TorchPolicy.evaluate": {
                                            "total": 9.956477100000043,
                                            "count": 4755,
                                            "self": 5.542143100000159,
                                            "children": {
                                                "TorchPolicy.sample_actions": {
                                                    "total": 4.414333999999885,
                                                    "count": 4755,
                                                    "self": 4.414333999999885
                                                }
                                            }
                                        }
                                    }
                                },
                                "workers": {
                                    "total": 0.042411700000016594,
                                    "count": 4754,
                                    "self": 0.0,
                                    "children": {
                                        "worker_root": {
                                            "total": 21.625833600000018,
                                            "count": 4754,
                                            "is_parallel": true,
                                            "self": 14.455716100000078,
                                            "children": {
                                                "steps_from_proto": {
                                                    "total": 0.00033469999999979905,
                                                    "count": 1,
                                                    "is_parallel": true,
                                                    "self": 0.0001351000000004987,
                                                    "children": {
                                                        "_process_rank_one_or_two_observation": {
                                                            "total": 0.00019959999999930034,
                                                            "count": 4,
                                                            "is_parallel": true,
                                                            "self": 0.00019959999999930034
                                                        }
                                                    }
                                                },
                                                "UnityEnvironment.step": {
                                                    "total": 7.16978279999994,
                                                    "count": 4754,
                                                    "is_parallel": true,
                                                    "self": 0.29437520000014317,
                                                    "children": {
                                                        "UnityEnvironment._generate_step_input": {
                                                            "total": 0.2408356999999519,
                                                            "count": 4754,
                                                            "is_parallel": true,
                                                            "self": 0.2408356999999519
                                                        },
                                                        "communicator.exchange": {
                                                            "total": 5.633569099999997,
                                                            "count": 4754,
                                                            "is_parallel": true,
                                                            "self": 5.633569099999997
                                                        },
                                                        "steps_from_proto": {
                                                            "total": 1.0010027999998474,
                                                            "count": 4754,
                                                            "is_parallel": true,
                                                            "self": 0.4618297999999541,
                                                            "children": {
                                                                "_process_rank_one_or_two_observation": {
                                                                    "total": 0.5391729999998933,
                                                                    "count": 19016,
                                                                    "is_parallel": true,
                                                                    "self": 0.5391729999998933
                                                                }
                                                            }
                                                        }
                                                    }
                                                }
                                            }
                                        }
                                    }
                                }
                            }
                        }
                    }
                },
                "trainer_threads": {
                    "total": 1.3400000000274304e-05,
                    "count": 1,
                    "self": 1.3400000000274304e-05,
                    "children": {
                        "thread_root": {
                            "total": 0.0,
                            "count": 0,
                            "is_parallel": true,
                            "self": 0.0,