{
    "name": "root",
    "metadata": {
        "timer_format_version": "0.1.0",
        "start_time_seconds": "1651493439",
        "python_version": "3.9.9 (tags/v3.9.9:ccb0e6a, Nov 15 2021, 18:08:50) [MSC v.1929 64 bit (AMD64)]",
        "command_line_arguments": "C:\\Users\\Szesny\\Desktop\\Unity-AI-Learns-To-Park\\venv\\Scripts\\mlagents-learn --run-id=Test10",
        "mlagents_version": "0.29.0",
        "mlagents_envs_version": "0.29.0",
        "communication_protocol_version": "1.5.0",
        "pytorch_version": "1.7.1+cu110",
        "numpy_version": "1.21.2",
        "end_time_seconds": "1651493541"
    },
    "total": 101.5337021,
    "count": 1,
    "self": 0.0049448999999981424,
    "children": {
        "run_training.setup": {
            "total": 0.022145799999999993,
            "count": 1,
            "self": 0.022145799999999993
        },
        "TrainerController.start_learning": {
            "total": 101.5066114,
            "count": 1,
            "self": 0.04650339999999176,
            "children": {
                "TrainerController._reset_env": {
                    "total": 4.4487918,
                    "count": 1,
                    "self": 4.4487918
                },
                "TrainerController.advance": {
                    "total": 96.90428050000001,
                    "count": 3189,
                    "self": 0.045944600000098035,
                    "children": {
                        "env_step": {
                            "total": 96.58731229999998,
                            "count": 3189,
                            "self": 85.58608490000005,
                            "children": {
                                "SubprocessEnvManager._take_step": {
                                    "total": 10.973590399999908,
                                    "count": 3189,
                                    "self": 0.1328784999999062,
                                    "children": {
                                        "TorchPolicy.evaluate": {
                                            "total": 10.840711900000002,
                                            "count": 3187,
                                            "self": 3.760489100000015,
                                            "children": {
                                                "TorchPolicy.sample_actions": {
                                                    "total": 7.080222799999987,
                                                    "count": 3187,
                                                    "self": 7.080222799999987
                                                }
                                            }
                                        }
                                    }
                                },
                                "workers": {
                                    "total": 0.02763700000002789,
                                    "count": 3188,
                                    "self": 0.0,
                                    "children": {
                                        "worker_root": {
                                            "total": 25.45654149999996,
                                            "count": 3188,
                                            "is_parallel": true,
                                            "self": 14.209482799999934,
                                            "children": {
                                                "steps_from_proto": {
                                                    "total": 0.00032059999999978217,
                                                    "count": 1,
                                                    "is_parallel": true,
                                                    "self": 0.0001960999999996993,
                                                    "children": {
                                                        "_process_rank_one_or_two_observation": {
                                                            "total": 0.00012450000000008288,
                                                            "count": 2,
                                                            "is_parallel": true,
                                                            "self": 0.00012450000000008288
                                                        }
                                                    }
                                                },
                                                "UnityEnvironment.step": {
                                                    "total": 11.246738100000027,
                                                    "count": 3188,
                                                    "is_parallel": true,
                                                    "self": 0.17764040000007952,
                                                    "children": {
                                                        "UnityEnvironment._generate_step_input": {
                                                            "total": 0.15455839999992982,
                                                            "count": 3188,
                                                            "is_parallel": true,
                                                            "self": 0.15455839999992982
                                                        },
                                                        "communicator.exchange": {
                                                            "total": 10.251940700000011,
                                                            "count": 3188,
                                                            "is_parallel": true,
                                                            "self": 10.251940700000011
                                                        },
                                                        "steps_from_proto": {
                                                            "total": 0.6625986000000053,
                                                            "count": 3186,
                                                            "is_parallel": true,
                                                            "self": 0.4417536000000073,
                                                            "children": {
                                                                "_process_rank_one_or_two_observation": {
                                                                    "total": 0.22084499999999796,
                                                                    "count": 6372,
                                                                    "is_parallel": true,
                                                                    "self": 0.22084499999999796
                                                                }
                                                            }
                                                        }
                                                    }
                                                }
                                            }
                                        }
                                    }
                                }
                            }
                        },
                        "trainer_advance": {
                            "total": 0.2710235999999382,
                            "count": 3188,
                            "self": 0.05358889999986083,
                            "children": {
                                "process_trajectory": {
                                    "total": 0.21743470000007736,
                                    "count": 3188,
                                    "self": 0.21743470000007736
                                }
                            }
                        }
                    }
                },