{
    "name": "root",
    "metadata": {
        "timer_format_version": "0.1.0",
        "start_time_seconds": "1652464900",
        "python_version": "3.9.9 (tags/v3.9.9:ccb0e6a, Nov 15 2021, 18:08:50) [MSC v.1929 64 bit (AMD64)]",
        "command_line_arguments": "C:\\Users\\Szesny\\Desktop\\Unity-AI-Learns-To-Park\\venv\\Scripts\\mlagents-learn --run-id=C11",
        "mlagents_version": "0.28.0",
        "mlagents_envs_version": "0.28.0",
        "communication_protocol_version": "1.5.0",
        "pytorch_version": "1.7.1+cu110",
        "numpy_version": "1.22.3",
        "end_time_seconds": "1652464965"
    },
    "total": 64.97940530000001,
    "count": 1,
    "self": 0.0043385000000029095,
    "children": {
        "run_training.setup": {
            "total": 0.02065640000000002,
            "count": 1,
            "self": 0.02065640000000002
        },
        "TrainerController.start_learning": {
            "total": 64.9544104,
            "count": 1,
            "self": 0.1965234999999268,
            "children": {
                "TrainerController._reset_env": {
                    "total": 4.0511685,
                    "count": 1,
                    "self": 4.0511685
                },
                "TrainerController.advance": {
                    "total": 60.64883270000007,
                    "count": 13834,
                    "self": 0.18454850000025402,
                    "children": {
                        "env_step": {
                            "total": 57.707651599999615,
                            "count": 13834,
                            "self": 34.49238639999942,
                            "children": {
                                "SubprocessEnvManager._take_step": {
                                    "total": 23.098353100000214,
                                    "count": 13834,
                                    "self": 0.5734182000002654,
                                    "children": {
                                        "TorchPolicy.evaluate": {
                                            "total": 22.52493489999995,
                                            "count": 13834,
                                            "self": 11.714607899999745,
                                            "children": {
                                                "TorchPolicy.sample_actions": {
                                                    "total": 10.810327000000203,
                                                    "count": 13834,
                                                    "self": 10.810327000000203
                                                }
                                            }
                                        }
                                    }
                                },
                                "workers": {
                                    "total": 0.11691209999997998,
                                    "count": 13833,
                                    "self": 0.0,
                                    "children": {
                                        "worker_root": {
                                            "total": 53.89507659999965,
                                            "count": 13833,
                                            "is_parallel": true,
                                            "self": 35.035281599999486,
                                            "children": {
                                                "steps_from_proto": {
                                                    "total": 0.00030090000000004835,
                                                    "count": 1,
                                                    "is_parallel": true,
                                                    "self": 0.00010390000000048971,
                                                    "children": {
                                                        "_process_rank_one_or_two_observation": {
                                                            "total": 0.00019699999999955864,
                                                            "count": 4,
                                                            "is_parallel": true,
                                                            "self": 0.00019699999999955864
                                                        }
                                                    }
                                                },
                                                "UnityEnvironment.step": {
                                                    "total": 18.859494100000163,
                                                    "count": 13833,
                                                    "is_parallel": true,
                                                    "self": 0.7864141999998431,
                                                    "children": {
                                                        "UnityEnvironment._generate_step_input": {
                                                            "total": 0.584022300000278,
                                                            "count": 13833,
                                                            "is_parallel": true,
                                                            "self": 0.584022300000278
                                                        },
                                                        "communicator.exchange": {
                                                            "total": 14.78586629999994,
                                                            "count": 13833,
                                                            "is_parallel": true,
                                                            "self": 14.78586629999994
                                                        },
                                                        "steps_from_proto": {
                                                            "total": 2.7031913000001007,
                                                            "count": 13833,
                                                            "is_parallel": true,
                                                            "self": 1.2743623999996991,
                                                            "children": {
                                                                "_process_rank_one_or_two_observation": {
                                                                    "total": 1.4288289000004015,
                                                                    "count": 55332,
                                                                    "is_parallel": true,
                                                                    "self": 1.4288289000004015
                                                                }
                                                            }
                                                        }
                                                    }
                                                }
                                            }
                                        }
                                    }
                                }
                            }
                        },
                        "trainer_advance": {
                            "total": 2.756632600000205,
                            "count": 13833,
                            "self": 0.19882600000010875,
                            "children": {
                                "process_trajectory": {
                                    "total": 1.063963000000098,
                                    "count": 13833,
                                    "self": 1.063963000000098
                                },