{
    "name": "root",
    "metadata": {
        "timer_format_version": "0.1.0",
        "start_time_seconds": "1652475535",
        "python_version": "3.9.9 (tags/v3.9.9:ccb0e6a, Nov 15 2021, 18:08:50) [MSC v.1929 64 bit (AMD64)]",
        "command_line_arguments": "C:\\Users\\Szesny\\Desktop\\Unity-AI-Learns-To-Park\\venv\\Scripts\\mlagents-learn --resume",
        "mlagents_version": "0.28.0",
        "mlagents_envs_version": "0.28.0",
        "communication_protocol_version": "1.5.0",
        "pytorch_version": "1.7.1+cu110",
        "numpy_version": "1.22.3",
        "end_time_seconds": "1652475630"
    },
    "total": 95.257459,
    "count": 1,
    "self": 0.005044300000008661,
    "children": {
        "run_training.setup": {
            "total": 0.05943209999999999,
            "count": 1,
            "self": 0.05943209999999999
        },
        "TrainerController.start_learning": {
            "total": 95.1929826,
            "count": 1,
            "self": 0.2906790999999629,
            "children": {
                "TrainerController._reset_env": {
                    "total": 16.4866622,
                    "count": 1,
                    "self": 16.4866622
                },
                "TrainerController.advance": {
                    "total": 78.35618140000003,
                    "count": 17534,
                    "self": 0.27452030000014815,
                    "children": {
                        "env_step": {
                            "total": 74.77086850000002,
                            "count": 17534,
                            "self": 42.17769269999978,
                            "children": {
                                "SubprocessEnvManager._take_step": {
                                    "total": 32.4266814000002,
                                    "count": 17534,
                                    "self": 0.9110863000001501,
                                    "children": {
                                        "TorchPolicy.evaluate": {
                                            "total": 31.51559510000005,
                                            "count": 17534,
                                            "self": 16.53328680000031,
                                            "children": {
                                                "TorchPolicy.sample_actions": {
                                                    "total": 14.982308299999737,
                                                    "count": 17534,
                                                    "self": 14.982308299999737
                                                }
                                            }
                                        }
                                    }
                                },
                                "workers": {
                                    "total": 0.1664944000000439,
                                    "count": 17533,
                                    "self": 0.0,
                                    "children": {
                                        "worker_root": {
                                            "total": 79.33656249999947,
                                            "count": 17533,
                                            "is_parallel": true,
                                            "self": 49.58917989999849,
                                            "children": {
                                                "steps_from_proto": {
                                                    "total": 0.0003672999999988491,
                                                    "count": 1,
                                                    "is_parallel": true,
                                                    "self": 0.00011019999999639651,
                                                    "children": {
                                                        "_process_rank_one_or_two_observation": {
                                                            "total": 0.0002571000000024526,
                                                            "count": 4,
                                                            "is_parallel": true,
                                                            "self": 0.0002571000000024526
                                                        }
                                                    }
                                                },
                                                "UnityEnvironment.step": {
                                                    "total": 29.74701530000098,
                                                    "count": 17533,
                                                    "is_parallel": true,
                                                    "self": 1.1590072999992387,
                                                    "children": {
                                                        "UnityEnvironment._generate_step_input": {
                                                            "total": 0.9749134000008084,
                                                            "count": 17533,
                                                            "is_parallel": true,
                                                            "self": 0.9749134000008084
                                                        },
                                                        "communicator.exchange": {
                                                            "total": 23.73458330000037,
                                                            "count": 17533,
                                                            "is_parallel": true,
                                                            "self": 23.73458330000037
                                                        },
                                                        "steps_from_proto": {
                                                            "total": 3.8785113000005644,
                                                            "count": 17533,
                                                            "is_parallel": true,
                                                            "self": 1.745648499999703,
                                                            "children": {
                                                                "_process_rank_one_or_two_observation": {
                                                                    "total": 2.1328628000008614,
                                                                    "count": 70132,
                                                                    "is_parallel": true,
                                                                    "self": 2.1328628000008614
                                                                }
                                                            }
                                                        }
                                                    }
                                                }
                                            }
                                        }
                                    }
                                }
                            }
                        },
                        "trainer_advance": {
                            "total": 3.31079259999985,
                            "count": 17533,
                            "self": 0.3367104999994872,
                            "children": {
                                "process_trajectory": {
                                    "total": 1.4257821000003652,
                                    "count": 17533,
                                    "self": 1.4257821000003652
                                },
                                "_update_policy": {
                                    "total": 1.5482999999999976,