{
    "name": "root",
    "metadata": {
        "timer_format_version": "0.1.0",
        "start_time_seconds": "1651409060",
        "python_version": "3.9.9 (tags/v3.9.9:ccb0e6a, Nov 15 2021, 18:08:50) [MSC v.1929 64 bit (AMD64)]",
        "command_line_arguments": "C:\\Users\\Szesny\\Desktop\\Unity-AI-Learns-To-Park\\venv\\Scripts\\mlagents-learn",
        "mlagents_version": "0.29.0",
        "mlagents_envs_version": "0.29.0",
        "communication_protocol_version": "1.5.0",
        "pytorch_version": "1.7.1+cu110",
        "numpy_version": "1.21.2",
        "end_time_seconds": "1651409147"
    },
    "total": 87.0260425,
    "count": 1,
    "self": 0.004553500000000099,
    "children": {
        "run_training.setup": {
            "total": 0.07759060000000018,
            "count": 1,
            "self": 0.07759060000000018
        },
        "TrainerController.start_learning": {
            "total": 86.94389840000001,
            "count": 1,
            "self": 0.005510999999970068,
            "children": {
                "TrainerController._reset_env": {
                    "total": 22.3358062,
                    "count": 1,
                    "self": 22.3358062
                },
                "TrainerController.advance": {
                    "total": 64.50328070000003,
                    "count": 357,
                    "self": 0.005094400000075439,
                    "children": {
                        "env_step": {
                            "total": 64.46592420000002,
                            "count": 357,
                            "self": 62.954280800000106,
                            "children": {
                                "SubprocessEnvManager._take_step": {
                                    "total": 1.5084525999999485,
                                    "count": 357,
                                    "self": 0.015924599999980416,
                                    "children": {
                                        "TorchPolicy.evaluate": {
                                            "total": 1.492527999999968,
                                            "count": 357,
                                            "self": 0.2469818999999447,
                                            "children": {
                                                "TorchPolicy.sample_actions": {
                                                    "total": 1.2455461000000234,
                                                    "count": 357,
                                                    "self": 1.2455461000000234
                                                }
                                            }
                                        }
                                    }
                                },
                                "workers": {
                                    "total": 0.0031907999999667425,
                                    "count": 356,
                                    "self": 0.0,
                                    "children": {
                                        "worker_root": {
                                            "total": 4.532351999999964,
                                            "count": 356,
                                            "is_parallel": true,
                                            "self": 2.7955656999999583,
                                            "children": {
                                                "steps_from_proto": {
                                                    "total": 0.0003394999999990489,
                                                    "count": 1,
                                                    "is_parallel": true,
                                                    "self": 0.00018549999999706301,
                                                    "children": {
                                                        "_process_rank_one_or_two_observation": {
                                                            "total": 0.00015400000000198588,
                                                            "count": 2,
                                                            "is_parallel": true,
                                                            "self": 0.00015400000000198588
                                                        }
                                                    }
                                                },
                                                "UnityEnvironment.step": {
                                                    "total": 1.7364468000000066,
                                                    "count": 356,
                                                    "is_parallel": true,
                                                    "self": 0.021416900000012618,
                                                    "children": {
                                                        "UnityEnvironment._generate_step_input": {
                                                            "total": 0.01849669999999648,
                                                            "count": 356,
                                                            "is_parallel": true,
                                                            "self": 0.01849669999999648
                                                        },
                                                        "communicator.exchange": {
                                                            "total": 1.6176825999999949,
                                                            "count": 356,
                                                            "is_parallel": true,
                                                            "self": 1.6176825999999949
                                                        },
                                                        "steps_from_proto": {
                                                            "total": 0.07885060000000266,
                                                            "count": 356,
                                                            "is_parallel": true,
                                                            "self": 0.05198709999999451,
                                                            "children": {
                                                                "_process_rank_one_or_two_observation": {
                                                                    "total": 0.026863500000008145,
                                                                    "count": 712,
                                                                    "is_parallel": true,
                                                                    "self": 0.026863500000008145
                                                                }
                                                            }
                                                        }
                                                    }
                                                }
                                            }
                                        }
                                    }
                                }
                            }
                        },
                        "trainer_advance": {
                            "total": 0.032262099999947225,
                            "count": 356,
                            "self": 0.005941700000008154,
                            "children": {
                                "process_trajectory": {
                                    "total": 0.02632039999993907,
                                    "count": 356,
                                    "self": 0.02632039999993907
                                }
                            }
                        }
                    }
                },