{
    "name": "root",
    "metadata": {
        "timer_format_version": "0.1.0",
        "start_time_seconds": "1651491580",
        "python_version": "3.9.9 (tags/v3.9.9:ccb0e6a, Nov 15 2021, 18:08:50) [MSC v.1929 64 bit (AMD64)]",
        "command_line_arguments": "C:\\Users\\Szesny\\Desktop\\Unity-AI-Learns-To-Park\\venv\\Scripts\\mlagents-learn --run-id=Test5",
        "mlagents_version": "0.29.0",
        "mlagents_envs_version": "0.29.0",
        "communication_protocol_version": "1.5.0",
        "pytorch_version": "1.7.1+cu110",
        "numpy_version": "1.21.2",
        "end_time_seconds": "1651491707"
    },
    "total": 127.21206070000001,
    "count": 1,
    "self": 0.00426930000000425,
    "children": {
        "run_training.setup": {
            "total": 0.022320099999999954,
            "count": 1,
            "self": 0.022320099999999954
        },
        "TrainerController.start_learning": {
            "total": 127.1854713,
            "count": 1,
            "self": 0.15418059999996103,
            "children": {
                "TrainerController._reset_env": {
                    "total": 6.9812417,
                    "count": 1,
                    "self": 6.9812417
                },
                "TrainerController.advance": {
                    "total": 119.97011310000006,
                    "count": 10343,
                    "self": 0.14277729999986377,
                    "children": {
                        "env_step": {
                            "total": 117.32344200000038,
                            "count": 10343,
                            "self": 79.98291500000056,
                            "children": {
                                "SubprocessEnvManager._take_step": {
                                    "total": 37.250590600000045,
                                    "count": 10343,
                                    "self": 0.4169709999999327,
                                    "children": {
                                        "TorchPolicy.evaluate": {
                                            "total": 36.83361960000011,
                                            "count": 10294,
                                            "self": 13.87573109999964,
                                            "children": {
                                                "TorchPolicy.sample_actions": {
                                                    "total": 22.95788850000047,
                                                    "count": 10294,
                                                    "self": 22.95788850000047
                                                }
                                            }
                                        }
                                    }
                                },
                                "workers": {
                                    "total": 0.0899363999997771,
                                    "count": 10342,
                                    "self": 0.0,
                                    "children": {
                                        "worker_root": {
                                            "total": 72.52745469999957,
                                            "count": 10342,
                                            "is_parallel": true,
                                            "self": 47.17817629999937,
                                            "children": {
                                                "steps_from_proto": {
                                                    "total": 0.00029730000000061096,
                                                    "count": 1,
                                                    "is_parallel": true,
                                                    "self": 0.00018120000000099168,
                                                    "children": {
                                                        "_process_rank_one_or_two_observation": {
                                                            "total": 0.00011609999999961929,
                                                            "count": 2,
                                                            "is_parallel": true,
                                                            "self": 0.00011609999999961929
                                                        }
                                                    }
                                                },
                                                "UnityEnvironment.step": {
                                                    "total": 25.348981100000195,
                                                    "count": 10342,
                                                    "is_parallel": true,
                                                    "self": 0.5621316000009315,
                                                    "children": {
                                                        "UnityEnvironment._generate_step_input": {
                                                            "total": 0.4808734999997668,
                                                            "count": 10342,
                                                            "is_parallel": true,
                                                            "self": 0.4808734999997668
                                                        },
                                                        "communicator.exchange": {
                                                            "total": 22.215478199999403,
                                                            "count": 10342,
                                                            "is_parallel": true,
                                                            "self": 22.215478199999403
                                                        },
                                                        "steps_from_proto": {
                                                            "total": 2.0904978000000938,
                                                            "count": 10342,
                                                            "is_parallel": true,
                                                            "self": 1.395878100000564,
                                                            "children": {
                                                                "_process_rank_one_or_two_observation": {
                                                                    "total": 0.6946196999995298,
                                                                    "count": 20684,
                                                                    "is_parallel": true,
                                                                    "self": 0.6946196999995298
                                                                }
                                                            }
                                                        }
                                                    }
                                                }
                                            }
                                        }
                                    }
                                }
                            }
                        },
                        "trainer_advance": {
                            "total": 2.503893799999812,
                            "count": 10342,
                            "self": 0.17124400000021467,
                            "children": {
                                "process_trajectory": {
                                    "total": 0.80754679999961,
                                    "count": 10342,
                                    "self": 0.80754679999961
                                },