{
    "name": "root",
    "gauges": {
        "ParkAgent.Policy.Entropy.mean": {
            "value": 1.4411202669143677,
            "min": 1.418938398361206,
            "max": 1.4411202669143677,
            "count": 13
        },
        "ParkAgent.Policy.Entropy.sum": {
            "value": 27989.4375,
            "min": 27610.1328125,
            "max": 29602.5,
            "count": 13
        },
        "ParkAgent.Environment.EpisodeLength.mean": {
            "value": 1764.6363636363637,
            "min": 1339.3333333333333,
            "max": 1879.0,
            "count": 13
        },
        "ParkAgent.Environment.EpisodeLength.sum": {
            "value": 19411.0,
            "min": 19254.0,
            "max": 21081.0,
            "count": 13
        },
        "ParkAgent.Step.mean": {
            "value": 259367.0,
            "min": 19651.0,
            "max": 259367.0,
            "count": 13
        },
        "ParkAgent.Step.sum": {
            "value": 259367.0,
            "min": 19651.0,
            "max": 259367.0,
            "count": 13
        },
        "ParkAgent.Policy.ExtrinsicValueEstimate.mean": {
            "value": -6.446346282958984,
            "min": -26.228809356689453,
            "max": 0.03368164971470833,
            "count": 13
        },
        "ParkAgent.Policy.ExtrinsicValueEstimate.sum": {
            "value": -128.9269256591797,
            "min": -550.8049926757812,
            "max": 0.7409963011741638,
            "count": 13
        },
        "ParkAgent.Environment.CumulativeReward.mean": {
            "value": -172.37485371936452,
            "min": -925.1307748158773,
            "max": -166.2148382880471,
            "count": 13
        },
        "ParkAgent.Environment.CumulativeReward.sum": {
            "value": -1896.1233909130096,
            "min": -13876.96162223816,
            "max": -1828.363221168518,
            "count": 13
        },
        "ParkAgent.Policy.ExtrinsicReward.mean": {
            "value": -172.37485371936452,
            "min": -925.1307748158773,
            "max": -166.2148382880471,
            "count": 13
        },
        "ParkAgent.Policy.ExtrinsicReward.sum": {
            "value": -1896.1233909130096,
            "min": -13876.96162223816,
            "max": -1828.363221168518,
            "count": 13
        },
        "ParkAgent.IsTraining.mean": {
            "value": 1.0,
            "min": 1.0,
            "max": 1.0,
            "count": 13
        },
        "ParkAgent.IsTraining.sum": {
            "value": 1.0,
            "min": 1.0,
            "max": 1.0,
            "count": 13
        },
        "ParkAgent.Losses.PolicyLoss.mean": {
            "value": 0.017601284105330704,
            "min": 0.014270088716875762,
            "max": 0.0198216765827965,
            "count": 12
        },
        "ParkAgent.Losses.PolicyLoss.sum": {
            "value": 0.017601284105330704,
            "min": 0.014270088716875762,
            "max": 0.0198216765827965,
            "count": 12
        },
        "ParkAgent.Losses.ValueLoss.mean": {
            "value": 758.0248527526855,
            "min": 758.0248527526855,
            "max": 5830.042398071289,
            "count": 12
        },
        "ParkAgent.Losses.ValueLoss.sum": {
            "value": 758.0248527526855,
            "min": 758.0248527526855,
            "max": 5830.042398071289,
            "count": 12
        },
        "ParkAgent.Policy.LearningRate.mean": {
            "value": 0.0002,
            "min": 0.0002,
            "max": 0.0002,
            "count": 12
        },
        "ParkAgent.Policy.LearningRate.sum": {
            "value": 0.0002,
            "min": 0.0002,
            "max": 0.0002,
            "count": 12
        },
        "ParkAgent.Policy.Epsilon.mean": {
            "value": 0.15,
            "min": 0.15,
            "max": 0.15,
            "count": 12
        },
        "ParkAgent.Policy.Epsilon.sum": {
            "value": 0.15,
            "min": 0.15,
            "max": 0.15,
            "count": 12
        },
        "ParkAgent.Policy.Beta.mean": {
            "value": 0.003,
            "min": 0.003,
            "max": 0.003,
            "count": 12
        },
        "ParkAgent.Policy.Beta.sum": {
            "value": 0.003,
            "min": 0.003,
            "max": 0.003,
            "count": 12
        }
    },
    "metadata": {
        "timer_format_version": "0.1.0",
        "start_time_seconds": "1652531102",
        "python_version": "3.9.9 (tags/v3.9.9:ccb0e6a, Nov 15 2021, 18:08:50) [MSC v.1929 64 bit (AMD64)]",
        "command_line_arguments": "C:\\Users\\Szesny\\Desktop\\Unity-AI-Learns-To-Park\\venv\\Scripts\\mlagents-learn config\\ParkAgent.yaml --run-id=A3",
        "mlagents_version": "0.28.0",
        "mlagents_envs_version": "0.28.0",
        "communication_protocol_version": "1.5.0",
        "pytorch_version": "1.7.1+cu110",
        "numpy_version": "1.22.3",
        "end_time_seconds": "1652532295"
    },
    "total": 1193.2283521000002,
    "count": 1,
    "self": 0.004528800000116462,
    "children": {
        "run_training.setup": {
            "total": 0.07173609999999997,
            "count": 1,
            "self": 0.07173609999999997
        },
        "TrainerController.start_learning": {
            "total": 1193.1520872,
            "count": 1,
            "self": 3.50452090000681,
            "children": {
                "TrainerController._reset_env": {
                    "total": 9.7322583,
                    "count": 1,
                    "self": 9.7322583
                },
                "TrainerController.advance": {
                    "total": 1179.7983935999935,
                    "count": 274884,
                    "self": 3.442036199977565,
                    "children": {
                        "env_step": {
                            "total": 1107.9764866000105,
                            "count": 274884,
                            "self": 553.8154098999888,
                            "children": {
                                "SubprocessEnvManager._take_step": {
                                    "total": 551.8117745000088,
                                    "count": 274884,
                                    "self": 11.173300100050369,
                                    "children": {
                                        "TorchPolicy.evaluate": {
                                            "total": 540.6384743999585,
                                            "count": 274884,
                                            "self": 314.94632569993746,
                                            "children": {
                                                "TorchPolicy.sample_actions": {
                                                    "total": 225.69214870002102,
                                                    "count": 274884,
                                                    "self": 225.69214870002102
                                                }
                                            }
                                        }
                                    }
                                },
                                "workers": {
                                    "total": 2.349302200012815,
                                    "count": 274883,
                                    "self": 0.0,
                                    "children": {
                                        "worker_root": {
                                            "total": 1118.930028099979,
                                            "count": 274883,
                                            "is_parallel": true,
                                            "self": 775.4300511000245,