{
    "name": "root",
    "metadata": {
        "timer_format_version": "0.1.0",
        "start_time_seconds": "1652452853",
        "python_version": "3.9.9 (tags/v3.9.9:ccb0e6a, Nov 15 2021, 18:08:50) [MSC v.1929 64 bit (AMD64)]",
        "command_line_arguments": "C:\\Users\\Szesny\\Desktop\\Unity-AI-Learns-To-Park\\venv\\Scripts\\mlagents-learn --run-id=test3",
        "mlagents_version": "0.28.0",
        "mlagents_envs_version": "0.28.0",
        "communication_protocol_version": "1.5.0",
        "pytorch_version": "1.7.1+cu110",
        "numpy_version": "1.22.3",
        "end_time_seconds": "1652452963"
    },
    "total": 110.07314349999999,
    "count": 1,
    "self": 0.004347799999976587,
    "children": {
        "run_training.setup": {
            "total": 0.022119,
            "count": 1,
            "self": 0.022119
        },
        "TrainerController.start_learning": {
            "total": 110.0466767,
            "count": 1,
            "self": 0.10202260000022534,
            "children": {
                "TrainerController._reset_env": {
                    "total": 7.5342821,
                    "count": 1,
                    "self": 7.5342821
                },
                "TrainerController.advance": {
                    "total": 102.32754459999978,
                    "count": 7301,
                    "self": 0.09956199999943749,
                    "children": {
                        "env_step": {
                            "total": 101.49654130000009,
                            "count": 7301,
                            "self": 76.50602430000049,
                            "children": {
                                "SubprocessEnvManager._take_step": {
                                    "total": 24.928937899999788,
                                    "count": 7301,
                                    "self": 0.28025859999987546,
                                    "children": {
                                        "TorchPolicy.evaluate": {
                                            "total": 24.648679299999912,
                                            "count": 7301,
                                            "self": 8.872207199999927,
                                            "children": {
                                                "TorchPolicy.sample_actions": {
                                                    "total": 15.776472099999985,
                                                    "count": 7301,
                                                    "self": 15.776472099999985
                                                }
                                            }
                                        }
                                    }
                                },
                                "workers": {
                                    "total": 0.06157909999982003,
                                    "count": 7300,
                                    "self": 0.0,
                                    "children": {
                                        "worker_root": {
                                            "total": 42.28083170000023,
                                            "count": 7300,
                                            "is_parallel": true,
                                            "self": 31.25646910000007,
                                            "children": {
                                                "steps_from_proto": {
                                                    "total": 0.00033359999999937884,
                                                    "count": 1,
                                                    "is_parallel": true,
                                                    "self": 0.00017229999999823775,
                                                    "children": {
                                                        "_process_rank_one_or_two_observation": {
                                                            "total": 0.00016130000000114109,
                                                            "count": 4,
                                                            "is_parallel": true,
                                                            "self": 0.00016130000000114109
                                                        }
                                                    }
                                                },
                                                "UnityEnvironment.step": {
                                                    "total": 11.024029000000157,
                                                    "count": 7300,
                                                    "is_parallel": true,
                                                    "self": 0.4360011000001087,
                                                    "children": {
                                                        "UnityEnvironment._generate_step_input": {
                                                            "total": 0.3332563000001336,
                                                            "count": 7300,
                                                            "is_parallel": true,
                                                            "self": 0.3332563000001336
                                                        },
                                                        "communicator.exchange": {
                                                            "total": 8.392340199999955,
                                                            "count": 7300,
                                                            "is_parallel": true,
                                                            "self": 8.392340199999955
                                                        },
                                                        "steps_from_proto": {
                                                            "total": 1.8624313999999593,
                                                            "count": 7300,
                                                            "is_parallel": true,
                                                            "self": 1.0889557999999866,
                                                            "children": {
                                                                "_process_rank_one_or_two_observation": {
                                                                    "total": 0.7734755999999727,
                                                                    "count": 29200,
                                                                    "is_parallel": true,
                                                                    "self": 0.7734755999999727
                                                                }
                                                            }
                                                        }
                                                    }
                                                }
                                            }
                                        }
                                    }
                                }
                            }
                        },
                        "trainer_advance": {
                            "total": 0.731441300000256,
                            "count": 7300,
                            "self": 0.11189329999988296,
                            "children": {
                                "process_trajectory": {
                                    "total": 0.619548000000373,
                                    "count": 7300,
                                    "self": 0.619548000000373
                                }
                            }
                        }
                    }
                },