{
    "name": "root",
    "metadata": {
        "timer_format_version": "0.1.0",
        "start_time_seconds": "1651491263",
        "python_version": "3.9.9 (tags/v3.9.9:ccb0e6a, Nov 15 2021, 18:08:50) [MSC v.1929 64 bit (AMD64)]",
        "command_line_arguments": "C:\\Users\\Szesny\\Desktop\\Unity-AI-Learns-To-Park\\venv\\Scripts\\mlagents-learn --run-id=Test3",
        "mlagents_version": "0.29.0",
        "mlagents_envs_version": "0.29.0",
        "communication_protocol_version": "1.5.0",
        "pytorch_version": "1.7.1+cu110",
        "numpy_version": "1.21.2",
        "end_time_seconds": "1651491360"
    },
    "total": 97.0777314,
    "count": 1,
    "self": 0.004558900000006361,
    "children": {
        "run_training.setup": {
            "total": 0.02214920000000009,
            "count": 1,
            "self": 0.02214920000000009
        },
        "TrainerController.start_learning": {
            "total": 97.0510233,
            "count": 1,
            "self": 0.0968452000001605,
            "children": {
                "TrainerController._reset_env": {
                    "total": 5.0692335,
                    "count": 1,
                    "self": 5.0692335
                },
                "TrainerController.advance": {
                    "total": 91.79540779999984,
                    "count": 5991,
                    "self": 0.08548679999996978,
                    "children": {
                        "env_step": {
                            "total": 85.3045507999999,
                            "count": 5991,
                            "self": 75.25979439999986,
                            "children": {
                                "SubprocessEnvManager._take_step": {
                                    "total": 9.993679500000168,
                                    "count": 5991,
                                    "self": 0.1390727000001366,
                                    "children": {
                                        "TorchPolicy.evaluate": {
                                            "total": 9.854606800000031,
                                            "count": 2997,
                                            "self": 3.32630479999992,
                                            "children": {
                                                "TorchPolicy.sample_actions": {
                                                    "total": 6.528302000000111,
                                                    "count": 2997,
                                                    "self": 6.528302000000111
                                                }
                                            }
                                        }
                                    }
                                },
                                "workers": {
                                    "total": 0.05107689999986764,
                                    "count": 5990,
                                    "self": 0.0,
                                    "children": {
                                        "worker_root": {
                                            "total": 31.65365649999987,
                                            "count": 5990,
                                            "is_parallel": true,
                                            "self": 20.695361899999803,
                                            "children": {
                                                "steps_from_proto": {
                                                    "total": 0.0003446000000000282,
                                                    "count": 1,
                                                    "is_parallel": true,
                                                    "self": 0.00017810000000029191,
                                                    "children": {
                                                        "_process_rank_one_or_two_observation": {
                                                            "total": 0.0001664999999997363,
                                                            "count": 2,
                                                            "is_parallel": true,
                                                            "self": 0.0001664999999997363
                                                        }
                                                    }
                                                },
                                                "UnityEnvironment.step": {
                                                    "total": 10.957950000000064,
                                                    "count": 5990,
                                                    "is_parallel": true,
                                                    "self": 0.353866300000206,
                                                    "children": {
                                                        "UnityEnvironment._generate_step_input": {
                                                            "total": 0.19871390000004663,
                                                            "count": 5990,
                                                            "is_parallel": true,
                                                            "self": 0.19871390000004663
                                                        },
                                                        "communicator.exchange": {
                                                            "total": 9.392631899999921,
                                                            "count": 5990,
                                                            "is_parallel": true,
                                                            "self": 9.392631899999921
                                                        },
                                                        "steps_from_proto": {
                                                            "total": 1.012737899999892,
                                                            "count": 5990,
                                                            "is_parallel": true,
                                                            "self": 0.6404040999997092,
                                                            "children": {
                                                                "_process_rank_one_or_two_observation": {
                                                                    "total": 0.3723338000001828,
                                                                    "count": 11980,
                                                                    "is_parallel": true,
                                                                    "self": 0.3723338000001828
                                                                }
                                                            }
                                                        }
                                                    }
                                                }
                                            }
                                        }
                                    }
                                }
                            }
                        },
                        "trainer_advance": {
                            "total": 6.405370199999962,
                            "count": 5990,
                            "self": 0.08284139999986362,
                            "children": {
                                "process_trajectory": {
                                    "total": 6.322528800000098,
                                    "count": 5990,
                                    "self": 6.322528800000098
                                }
                            }
                        }
                    }
                },