{
    "name": "root",
    "gauges": {
        "ParkAgent.Policy.Entropy.mean": {
            "value": 0.32009267807006836,
            "min": 0.24594339728355408,
            "max": 0.3377828598022461,
            "count": 593
        },
        "ParkAgent.Policy.Entropy.sum": {
            "value": 6616.95556640625,
            "min": 4284.998046875,
            "max": 7827.6376953125,
            "count": 593
        },
        "ParkAgent.Environment.EpisodeLength.mean": {
            "value": 78.51764705882353,
            "min": 67.32888888888888,
            "max": 97.55665024630542,
            "count": 593
        },
        "ParkAgent.Environment.EpisodeLength.sum": {
            "value": 20022.0,
            "min": 15149.0,
            "max": 20542.0,
            "count": 593
        },
        "ParkAgent.Step.mean": {
            "value": 99999520.0,
            "min": 88159935.0,
            "max": 99999520.0,
            "count": 593
        },
        "ParkAgent.Step.sum": {
            "value": 99999520.0,
            "min": 88159935.0,
            "max": 99999520.0,
            "count": 593
        },
        "ParkAgent.Policy.ExtrinsicValueEstimate.mean": {
            "value": 0.9128352403640747,
            "min": 0.8189325928688049,
            "max": 0.9469680190086365,
            "count": 593
        },
        "ParkAgent.Policy.ExtrinsicValueEstimate.sum": {
            "value": 232.77297973632812,
            "min": 166.66030883789062,
            "max": 271.393310546875,
            "count": 593
        },
        "ParkAgent.Environment.CumulativeReward.mean": {
            "value": 2.765291785258873,
            "min": 2.572184304127822,
            "max": 2.829226717789303,
            "count": 593
        },
        "ParkAgent.Environment.CumulativeReward.sum": {
            "value": 705.1494052410126,
            "min": 521.4132130974904,
            "max": 784.6704232096672,
            "count": 593
        },
        "ParkAgent.Policy.ExtrinsicReward.mean": {
            "value": 2.765291785258873,
            "min": 2.572184304127822,
            "max": 2.829226717789303,
            "count": 593
        },
        "ParkAgent.Policy.ExtrinsicReward.sum": {
            "value": 705.1494052410126,
            "min": 521.4132130974904,
            "max": 784.6704232096672,
            "count": 593
        },
        "ParkAgent.IsTraining.mean": {
            "value": 1.0,
            "min": 1.0,
            "max": 1.0,
            "count": 593
        },
        "ParkAgent.IsTraining.sum": {
            "value": 1.0,
            "min": 1.0,
            "max": 1.0,
            "count": 593
        },
        "ParkAgent.Losses.PolicyLoss.mean": {
            "value": 0.015622228605207057,
            "min": 0.010235213593114167,
            "max": 0.023580221668817104,
            "count": 575
        },
        "ParkAgent.Losses.PolicyLoss.sum": {
            "value": 0.015622228605207057,
            "min": 0.010235213593114167,
            "max": 0.023580221668817104,
            "count": 575
        },
        "ParkAgent.Losses.ValueLoss.mean": {
            "value": 0.012085811467841268,
            "min": 0.008253654290456325,
            "max": 0.019177609728649257,
            "count": 575
        },
        "ParkAgent.Losses.ValueLoss.sum": {
            "value": 0.012085811467841268,
            "min": 0.008253654290456325,
            "max": 0.019177609728649257,
            "count": 575
        },
        "ParkAgent.Policy.LearningRate.mean": {
            "value": 0.0002,
            "min": 0.0002,
            "max": 0.0002,
            "count": 575
        },
        "ParkAgent.Policy.LearningRate.sum": {
            "value": 0.0002,
            "min": 0.0002,
            "max": 0.0002,
            "count": 575
        },
        "ParkAgent.Policy.Epsilon.mean": {
            "value": 0.15,
            "min": 0.15,
            "max": 0.15,
            "count": 575
        },
        "ParkAgent.Policy.Epsilon.sum": {
            "value": 0.15,
            "min": 0.15,
            "max": 0.15,
            "count": 575
        },
        "ParkAgent.Policy.Beta.mean": {
            "value": 0.003,
            "min": 0.003,
            "max": 0.003,
            "count": 575
        },
        "ParkAgent.Policy.Beta.sum": {
            "value": 0.003,
            "min": 0.003,
            "max": 0.003,
            "count": 575
        }
    },
    "metadata": {
        "timer_format_version": "0.1.0",
        "start_time_seconds": "1654415002",
        "python_version": "3.9.9 (tags/v3.9.9:ccb0e6a, Nov 15 2021, 18:08:50) [MSC v.1929 64 bit (AMD64)]",
        "command_line_arguments": "C:\\Users\\Szesny\\AppData\\Local\\Programs\\Python\\Python39\\Scripts\\mlagents-learn config\\ParkAgent.yaml --run-id=A1 --resume",
        "mlagents_version": "0.28.0",
        "mlagents_envs_version": "0.28.0",
        "communication_protocol_version": "1.5.0",
        "pytorch_version": "1.7.1+cu110",
        "numpy_version": "1.22.3",
        "end_time_seconds": "1654422746"
    },
    "total": 7744.1782359,
    "count": 1,
    "self": 0.005861699999513803,
    "children": {
        "run_training.setup": {
            "total": 0.11726110000000034,
            "count": 1,
            "self": 0.11726110000000034
        },
        "TrainerController.start_learning": {
            "total": 7744.0551131,
            "count": 1,
            "self": 5.120467200017629,
            "children": {
                "TrainerController._reset_env": {
                    "total": 11.0588436,
                    "count": 1,
                    "self": 11.0588436
                },
                "TrainerController.advance": {
                    "total": 7727.795547199983,
                    "count": 286874,
                    "self": 4.805361399987305,
                    "children": {
                        "env_step": {
                            "total": 4245.886423399985,
                            "count": 286874,
                            "self": 3480.0105580996496,
                            "children": {
                                "SubprocessEnvManager._take_step": {
                                    "total": 762.8743505000721,
                                    "count": 286874,
                                    "self": 14.260735700193436,
                                    "children": {
                                        "TorchPolicy.evaluate": {
                                            "total": 748.6136147998786,
                                            "count": 185321,
                                            "self": 279.9402986996647,
                                            "children": {
                                                "TorchPolicy.sample_actions": {
                                                    "total": 468.6733161002139,
                                                    "count": 185321,
                                                    "self": 468.6733161002139
                                                }
                                            }
                                        }
                                    }
                                },
                                "workers": {
                                    "total": 3.001514800262804,
                                    "count": 286874,
                                    "self": 0.0,
                                    "children": {
                                        "worker_root": {
                                            "total": 7728.232292800032,
                                            "count": 286874,
                                            "is_parallel": true,
                                            "self": 4727.364756600098,