{
    "name": "root",
    "gauges": {
        "ParkAgent.Policy.Entropy.mean": {
            "value": 0.30713316798210144,
            "min": 0.22073805332183838,
            "max": 0.36026865243911743,
            "count": 535
        },
        "ParkAgent.Policy.Entropy.sum": {
            "value": 6250.7744140625,
            "min": 4187.21826171875,
            "max": 7678.04541015625,
            "count": 535
        },
        "ParkAgent.Environment.EpisodeLength.mean": {
            "value": 70.92805755395683,
            "min": 68.44791666666667,
            "max": 214.41489361702128,
            "count": 535
        },
        "ParkAgent.Environment.EpisodeLength.sum": {
            "value": 19718.0,
            "min": 18615.0,
            "max": 20947.0,
            "count": 535
        },
        "ParkAgent.Step.mean": {
            "value": 110699990.0,
            "min": 100019966.0,
            "max": 110699990.0,
            "count": 535
        },
        "ParkAgent.Step.sum": {
            "value": 110699990.0,
            "min": 100019966.0,
            "max": 110699990.0,
            "count": 535
        },
        "ParkAgent.Policy.ExtrinsicValueEstimate.mean": {
            "value": 0.9403736591339111,
            "min": 0.6073881387710571,
            "max": 0.960661768913269,
            "count": 535
        },
        "ParkAgent.Policy.ExtrinsicValueEstimate.sum": {
            "value": 262.3642578125,
            "min": 63.16836929321289,
            "max": 276.4069519042969,
            "count": 535
        },
        "ParkAgent.Environment.CumulativeReward.mean": {
            "value": 2.7390699094365014,
            "min": 2.496667758581486,
            "max": 2.850477429572493,
            "count": 535
        },
        "ParkAgent.Environment.CumulativeReward.sum": {
            "value": 764.2005047327839,
            "min": 234.6867693066597,
            "max": 806.1593260169029,
            "count": 535
        },
        "ParkAgent.Policy.ExtrinsicReward.mean": {
            "value": 2.7390699094365014,
            "min": 2.496667758581486,
            "max": 2.850477429572493,
            "count": 535
        },
        "ParkAgent.Policy.ExtrinsicReward.sum": {
            "value": 764.2005047327839,
            "min": 234.6867693066597,
            "max": 806.1593260169029,
            "count": 535
        },
        "ParkAgent.IsTraining.mean": {
            "value": 1.0,
            "min": 1.0,
            "max": 1.0,
            "count": 535
        },
        "ParkAgent.IsTraining.sum": {
            "value": 1.0,
            "min": 1.0,
            "max": 1.0,
            "count": 535
        },
        "ParkAgent.Losses.PolicyLoss.mean": {
            "value": 0.016332158411387354,
            "min": 0.010372354096034542,
            "max": 0.04583330230670981,
            "count": 519
        },
        "ParkAgent.Losses.PolicyLoss.sum": {
            "value": 0.016332158411387354,
            "min": 0.010372354096034542,
            "max": 0.04583330230670981,
            "count": 519
        },
        "ParkAgent.Losses.ValueLoss.mean": {
            "value": 0.010492293536663056,
            "min": 0.006850499555002898,
            "max": 0.03393183834850788,
            "count": 519
        },
        "ParkAgent.Losses.ValueLoss.sum": {
            "value": 0.010492293536663056,
            "min": 0.006850499555002898,
            "max": 0.03393183834850788,
            "count": 519
        },
        "ParkAgent.Policy.LearningRate.mean": {
            "value": 0.0002,
            "min": 0.0002,
            "max": 0.0002,
            "count": 519
        },
        "ParkAgent.Policy.LearningRate.sum": {
            "value": 0.0002,
            "min": 0.0002,
            "max": 0.0002,
            "count": 519
        },
        "ParkAgent.Policy.Epsilon.mean": {
            "value": 0.15,
            "min": 0.15,
            "max": 0.15,
            "count": 519
        },
        "ParkAgent.Policy.Epsilon.sum": {
            "value": 0.15,
            "min": 0.15,
            "max": 0.15,
            "count": 519
        },
        "ParkAgent.Policy.Beta.mean": {
            "value": 0.003,
            "min": 0.003,
            "max": 0.003,
            "count": 519
        },
        "ParkAgent.Policy.Beta.sum": {
            "value": 0.003,
            "min": 0.003,
            "max": 0.003,
            "count": 519
        }
    },
    "metadata": {
        "timer_format_version": "0.1.0",
        "start_time_seconds": "1654423040",
        "python_version": "3.9.9 (tags/v3.9.9:ccb0e6a, Nov 15 2021, 18:08:50) [MSC v.1929 64 bit (AMD64)]",
        "command_line_arguments": "C:\\Users\\Szesny\\AppData\\Local\\Programs\\Python\\Python39\\Scripts\\mlagents-learn config\\ParkAgent.yaml --run-id=A1 --resume",
        "mlagents_version": "0.28.0",
        "mlagents_envs_version": "0.28.0",
        "communication_protocol_version": "1.5.0",
        "pytorch_version": "1.7.1+cu110",
        "numpy_version": "1.22.3",
        "end_time_seconds": "1654430051"
    },
    "total": 7011.0488397,
    "count": 1,
    "self": 0.004177499999968859,
    "children": {
        "run_training.setup": {
            "total": 0.11488940000000003,
            "count": 1,
            "self": 0.11488940000000003
        },
        "TrainerController.start_learning": {
            "total": 7010.9297728,
            "count": 1,
            "self": 4.564884200255619,
            "children": {
                "TrainerController._reset_env": {
                    "total": 38.5209737,
                    "count": 1,
                    "self": 38.5209737
                },
                "TrainerController.advance": {
                    "total": 6967.752668099745,
                    "count": 259263,
                    "self": 4.275783399909415,
                    "children": {
                        "env_step": {
                            "total": 3819.97885899996,
                            "count": 259263,
                            "self": 3151.2961567996526,
                            "children": {
                                "SubprocessEnvManager._take_step": {
                                    "total": 666.0405738000869,
                                    "count": 259263,
                                    "self": 12.494679300136909,
                                    "children": {
                                        "TorchPolicy.evaluate": {
                                            "total": 653.54589449995,
                                            "count": 167460,
                                            "self": 240.21679630008248,
                                            "children": {
                                                "TorchPolicy.sample_actions": {
                                                    "total": 413.32909819986753,
                                                    "count": 167460,
                                                    "self": 413.32909819986753
                                                }
                                            }
                                        }
                                    }
                                },
                                "workers": {
                                    "total": 2.6421284002205,
                                    "count": 259262,
                                    "self": 0.0,
                                    "children": {
                                        "worker_root": {
                                            "total": 6967.834521700074,
                                            "count": 259262,
                                            "is_parallel": true,
                                            "self": 4244.175452099961,