{
    "name": "root",
    "gauges": {
        "ParkAgent.Policy.Entropy.mean": {
            "value": 2.174638271331787,
            "min": 2.1738383769989014,
            "max": 2.1824758052825928,
            "count": 4
        },
        "ParkAgent.Policy.Entropy.sum": {
            "value": 108797.15625,
            "min": 108726.703125,
            "max": 109200.1796875,
            "count": 4
        },
        "ParkAgent.Step.mean": {
            "value": 199964.0,
            "min": 49971.0,
            "max": 199964.0,
            "count": 4
        },
        "ParkAgent.Step.sum": {
            "value": 199964.0,
            "min": 49971.0,
            "max": 199964.0,
            "count": 4
        },
        "ParkAgent.Policy.ExtrinsicValueEstimate.mean": {
            "value": -0.5982765555381775,
            "min": -13.957937240600586,
            "max": 3.0092334747314453,
            "count": 4
        },
        "ParkAgent.Policy.ExtrinsicValueEstimate.sum": {
            "value": -472.6384582519531,
            "min": -11138.43359375,
            "max": 2377.29443359375,
            "count": 4
        },
        "ParkAgent.Environment.EpisodeLength.mean": {
            "value": 4395.909090909091,
            "min": 1747.7931034482758,
            "max": 4795.8,
            "count": 4
        },
        "ParkAgent.Environment.EpisodeLength.sum": {
            "value": 48355.0,
            "min": 47958.0,
            "max": 50686.0,
            "count": 4
        },
        "ParkAgent.Environment.CumulativeReward.mean": {
            "value": 257.48369837620044,
            "min": -702.7931901843383,
            "max": 494.60363251268865,
            "count": 4
        },
        "ParkAgent.Environment.CumulativeReward.sum": {
            "value": 2832.3206821382046,
            "min": -20381.002515345812,
            "max": 4946.036325126886,
            "count": 4
        },
        "ParkAgent.Policy.ExtrinsicReward.mean": {
            "value": 257.48369837620044,
            "min": -702.7931901843383,
            "max": 494.60363251268865,
            "count": 4
        },
        "ParkAgent.Policy.ExtrinsicReward.sum": {
            "value": 2832.3206821382046,
            "min": -20381.002515345812,
            "max": 4946.036325126886,
            "count": 4
        },
        "ParkAgent.Losses.PolicyLoss.mean": {
            "value": 0.022080539353191854,
            "min": 0.021899265414103867,
            "max": 0.026122571737505495,
            "count": 4
        },
        "ParkAgent.Losses.PolicyLoss.sum": {
            "value": 0.11040269676595926,
            "min": 0.10449028695002198,
            "max": 0.12051607455747823,
            "count": 4
        },
        "ParkAgent.Losses.ValueLoss.mean": {
            "value": 301.1649384343624,
            "min": 301.1649384343624,
            "max": 3612.4994471232094,
            "count": 4
        },
        "ParkAgent.Losses.ValueLoss.sum": {
            "value": 1505.824692171812,
            "min": 1505.824692171812,
            "max": 18062.497235616047,
            "count": 4
        },
        "ParkAgent.Policy.LearningRate.mean": {
            "value": 0.00019529787490072,
            "min": 0.00019529787490072,
            "max": 0.00028461480512839997,
            "count": 4
        },
        "ParkAgent.Policy.LearningRate.sum": {
            "value": 0.0009764893745036,
            "min": 0.0009764893745036,
            "max": 0.0012844884718371998,
            "count": 4
        },
        "ParkAgent.Policy.Epsilon.mean": {
            "value": 0.16509928000000001,
            "min": 0.16509928000000001,
            "max": 0.19487160000000003,
            "count": 4
        },
        "ParkAgent.Policy.Epsilon.sum": {
            "value": 0.8254964000000001,
            "min": 0.7794864000000001,
            "max": 0.9281628000000001,
            "count": 4
        },
        "ParkAgent.Policy.Beta.mean": {
            "value": 0.0032584540719999998,
            "min": 0.0032584540719999998,
            "max": 0.004744092839999999,
            "count": 4
        },
        "ParkAgent.Policy.Beta.sum": {
            "value": 0.01629227036,
            "min": 0.01629227036,
            "max": 0.021415323720000004,
            "count": 4
        },
        "ParkAgent.IsTraining.mean": {
            "value": 1.0,
            "min": 1.0,
            "max": 1.0,
            "count": 4
        },
        "ParkAgent.IsTraining.sum": {
            "value": 1.0,
            "min": 1.0,
            "max": 1.0,
            "count": 4
        }
    },
    "metadata": {
        "timer_format_version": "0.1.0",
        "start_time_seconds": "1652454687",
        "python_version": "3.9.9 (tags/v3.9.9:ccb0e6a, Nov 15 2021, 18:08:50) [MSC v.1929 64 bit (AMD64)]",
        "command_line_arguments": "C:\\Users\\Szesny\\Desktop\\Unity-AI-Learns-To-Park\\venv\\Scripts\\mlagents-learn --run-id=test7",
        "mlagents_version": "0.28.0",
        "mlagents_envs_version": "0.28.0",
        "communication_protocol_version": "1.5.0",
        "pytorch_version": "1.7.1+cu110",
        "numpy_version": "1.22.3",
        "end_time_seconds": "1652455959"
    },
    "total": 1271.6321901000001,
    "count": 1,
    "self": 0.004476800000020376,
    "children": {
        "run_training.setup": {
            "total": 0.020988700000000082,
            "count": 1,
            "self": 0.020988700000000082
        },
        "TrainerController.start_learning": {
            "total": 1271.6067246,
            "count": 1,
            "self": 2.8684044999913567,
            "children": {
                "TrainerController._reset_env": {
                    "total": 4.6614586,
                    "count": 1,
                    "self": 4.6614586
                },
                "TrainerController.advance": {
                    "total": 1263.9029363000086,
                    "count": 205352,
                    "self": 2.7595632000279693,
                    "children": {
                        "env_step": {
                            "total": 1207.1585123999837,
                            "count": 205352,
                            "self": 465.94893559993534,
                            "children": {
                                "SubprocessEnvManager._take_step": {
                                    "total": 739.319468800067,
                                    "count": 205353,
                                    "self": 7.987015100074473,
                                    "children": {
                                        "TorchPolicy.evaluate": {
                                            "total": 731.3324536999926,
                                            "count": 205351,
                                            "self": 278.5973299000119,
                                            "children": {
                                                "TorchPolicy.sample_actions": {
                                                    "total": 452.73512379998067,
                                                    "count": 205351,
                                                    "self": 452.73512379998067
                                                }
                                            }
                                        }
                                    }
                                },
                                "workers": {
                                    "total": 1.890107999981324,
                                    "count": 205351,
                                    "self": 0.0,
                                    "children": {
                                        "worker_root": {
                                            "total": 1218.4077974999618,
                                            "count": 205351,
                                            "is_parallel": true,