{
    "name": "root",
    "gauges": {
        "ParkAgent.Policy.Entropy.mean": {
            "value": 1.50296151638031,
            "min": 1.50296151638031,
            "max": 1.50296151638031,
            "count": 1
        },
        "ParkAgent.Policy.Entropy.sum": {
            "value": 75179.640625,
            "min": 75179.640625,
            "max": 75179.640625,
            "count": 1
        },
        "ParkAgent.Step.mean": {
            "value": 49984.0,
            "min": 49984.0,
            "max": 49984.0,
            "count": 1
        },
        "ParkAgent.Step.sum": {
            "value": 49984.0,
            "min": 49984.0,
            "max": 49984.0,
            "count": 1
        },
        "ParkAgent.Policy.ExtrinsicValueEstimate.mean": {
            "value": -2.083540439605713,
            "min": -2.083540439605713,
            "max": -2.083540439605713,
            "count": 1
        },
        "ParkAgent.Policy.ExtrinsicValueEstimate.sum": {
            "value": -2181.466796875,
            "min": -2181.466796875,
            "max": -2181.466796875,
            "count": 1
        },
        "ParkAgent.Environment.EpisodeLength.mean": {
            "value": 115.32093023255814,
            "min": 115.32093023255814,
            "max": 115.32093023255814,
            "count": 1
        },
        "ParkAgent.Environment.EpisodeLength.sum": {
            "value": 49588.0,
            "min": 49588.0,
            "max": 49588.0,
            "count": 1
        },
        "ParkAgent.Environment.CumulativeReward.mean": {
            "value": -0.5722610722610723,
            "min": -0.5722610722610723,
            "max": -0.5722610722610723,
            "count": 1
        },
        "ParkAgent.Environment.CumulativeReward.sum": {
            "value": -245.5,
            "min": -245.5,
            "max": -245.5,
            "count": 1
        },
        "ParkAgent.Policy.ExtrinsicReward.mean": {
            "value": -0.5722610722610723,
            "min": -0.5722610722610723,
            "max": -0.5722610722610723,
            "count": 1
        },
        "ParkAgent.Policy.ExtrinsicReward.sum": {
            "value": -245.5,
            "min": -245.5,
            "max": -245.5,
            "count": 1
        },
        "ParkAgent.Losses.PolicyLoss.mean": {
            "value": 0.029838155171213052,
            "min": 0.029838155171213052,
            "max": 0.029838155171213052,
            "count": 1
        },
        "ParkAgent.Losses.PolicyLoss.sum": {
            "value": 0.11935262068485221,
            "min": 0.11935262068485221,
            "max": 0.11935262068485221,
            "count": 1
        },
        "ParkAgent.Losses.ValueLoss.mean": {
            "value": 1.156471467452745,
            "min": 1.156471467452745,
            "max": 1.156471467452745,
            "count": 1
        },
        "ParkAgent.Losses.ValueLoss.sum": {
            "value": 4.62588586981098,
            "min": 4.62588586981098,
            "max": 4.62588586981098,
            "count": 1
        },
        "ParkAgent.Policy.LearningRate.mean": {
            "value": 0.00028460400513199996,
            "min": 0.00028460400513199996,
            "max": 0.00028460400513199996,
            "count": 1
        },
        "ParkAgent.Policy.LearningRate.sum": {
            "value": 0.0011384160205279998,
            "min": 0.0011384160205279998,
            "max": 0.0011384160205279998,
            "count": 1
        },
        "ParkAgent.Policy.Epsilon.mean": {
            "value": 0.194868,
            "min": 0.194868,
            "max": 0.194868,
            "count": 1
        },
        "ParkAgent.Policy.Epsilon.sum": {
            "value": 0.779472,
            "min": 0.779472,
            "max": 0.779472,
            "count": 1
        },
        "ParkAgent.Policy.Beta.mean": {
            "value": 0.004743913199999998,
            "min": 0.004743913199999998,
            "max": 0.004743913199999998,
            "count": 1
        },
        "ParkAgent.Policy.Beta.sum": {
            "value": 0.018975652799999992,
            "min": 0.018975652799999992,
            "max": 0.018975652799999992,
            "count": 1
        },
        "ParkAgent.IsTraining.mean": {
            "value": 1.0,
            "min": 1.0,
            "max": 1.0,
            "count": 1
        },
        "ParkAgent.IsTraining.sum": {
            "value": 1.0,
            "min": 1.0,
            "max": 1.0,
            "count": 1
        }
    },
    "metadata": {
        "timer_format_version": "0.1.0",
        "start_time_seconds": "1651491909",
        "python_version": "3.9.9 (tags/v3.9.9:ccb0e6a, Nov 15 2021, 18:08:50) [MSC v.1929 64 bit (AMD64)]",
        "command_line_arguments": "C:\\Users\\Szesny\\Desktop\\Unity-AI-Learns-To-Park\\venv\\Scripts\\mlagents-learn --run-id=Test7",
        "mlagents_version": "0.29.0",
        "mlagents_envs_version": "0.29.0",
        "communication_protocol_version": "1.5.0",
        "pytorch_version": "1.7.1+cu110",
        "numpy_version": "1.21.2",
        "end_time_seconds": "1651492362"
    },
    "total": 452.0950468,
    "count": 1,
    "self": 0.006929200000001856,
    "children": {
        "run_training.setup": {
            "total": 0.02950330000000001,
            "count": 1,
            "self": 0.02950330000000001
        },
        "TrainerController.start_learning": {
            "total": 452.0586143,
            "count": 1,
            "self": 0.7584500000000389,
            "children": {
                "TrainerController._reset_env": {
                    "total": 4.799661799999999,
                    "count": 1,
                    "self": 4.799661799999999
                },
                "TrainerController.advance": {
                    "total": 446.4114921999999,
                    "count": 51930,
                    "self": 0.712229199989622,
                    "children": {
                        "env_step": {
                            "total": 433.2873689000016,
                            "count": 51930,
                            "self": 251.09509440000303,
                            "children": {
                                "SubprocessEnvManager._take_step": {
                                    "total": 181.70943999999957,
                                    "count": 51932,
                                    "self": 2.075409899998249,
                                    "children": {
                                        "TorchPolicy.evaluate": {
                                            "total": 179.63403010000133,
                                            "count": 51869,
                                            "self": 68.18967620000015,
                                            "children": {
                                                "TorchPolicy.sample_actions": {
                                                    "total": 111.44435390000118,
                                                    "count": 51869,
                                                    "self": 111.44435390000118
                                                }
                                            }
                                        }
                                    }
                                },
                                "workers": {
                                    "total": 0.48283449999897865,
                                    "count": 51929,
                                    "self": 0.0,
                                    "children": {
                                        "worker_root": {
                                            "total": 336.0355582999954,
                                            "count": 51929,
                                            "is_parallel": true,
                                            "self": 227.58451949999503,