{
    "name": "root",
    "gauges": {
        "ParkAgent.Policy.Entropy.mean": {
            "value": 1.4164663553237915,
            "min": 1.4164663553237915,
            "max": 1.4164663553237915,
            "count": 1
        },
        "ParkAgent.Policy.Entropy.sum": {
            "value": 70896.9765625,
            "min": 70896.9765625,
            "max": 70896.9765625,
            "count": 1
        },
        "ParkAgent.Step.mean": {
            "value": 49988.0,
            "min": 49988.0,
            "max": 49988.0,
            "count": 1
        },
        "ParkAgent.Step.sum": {
            "value": 49988.0,
            "min": 49988.0,
            "max": 49988.0,
            "count": 1
        },
        "ParkAgent.Policy.ExtrinsicValueEstimate.mean": {
            "value": -20.400590896606445,
            "min": -20.400590896606445,
            "max": -20.400590896606445,
            "count": 1
        },
        "ParkAgent.Policy.ExtrinsicValueEstimate.sum": {
            "value": -16952.890625,
            "min": -16952.890625,
            "max": -16952.890625,
            "count": 1
        },
        "ParkAgent.Environment.EpisodeLength.mean": {
            "value": 536.505376344086,
            "min": 536.505376344086,
            "max": 536.505376344086,
            "count": 1
        },
        "ParkAgent.Environment.EpisodeLength.sum": {
            "value": 49895.0,
            "min": 49895.0,
            "max": 49895.0,
            "count": 1
        },
        "ParkAgent.Environment.CumulativeReward.mean": {
            "value": -900.2885891276021,
            "min": -900.2885891276021,
            "max": -900.2885891276021,
            "count": 1
        },
        "ParkAgent.Environment.CumulativeReward.sum": {
            "value": -83726.838788867,
            "min": -83726.838788867,
            "max": -83726.838788867,
            "count": 1
        },
        "ParkAgent.Policy.ExtrinsicReward.mean": {
            "value": -900.2885891276021,
            "min": -900.2885891276021,
            "max": -900.2885891276021,
            "count": 1
        },
        "ParkAgent.Policy.ExtrinsicReward.sum": {
            "value": -83726.838788867,
            "min": -83726.838788867,
            "max": -83726.838788867,
            "count": 1
        },
        "ParkAgent.Losses.PolicyLoss.mean": {
            "value": 0.024865420228646448,
            "min": 0.024865420228646448,
            "max": 0.024865420228646448,
            "count": 1
        },
        "ParkAgent.Losses.PolicyLoss.sum": {
            "value": 0.09946168091458579,
            "min": 0.09946168091458579,
            "max": 0.09946168091458579,
            "count": 1
        },
        "ParkAgent.Losses.ValueLoss.mean": {
            "value": 10461.27781982422,
            "min": 10461.27781982422,
            "max": 10461.27781982422,
            "count": 1
        },
        "ParkAgent.Losses.ValueLoss.sum": {
            "value": 41845.11127929688,
            "min": 41845.11127929688,
            "max": 41845.11127929688,
            "count": 1
        },
        "ParkAgent.Policy.LearningRate.mean": {
            "value": 0.00028460325513225004,
            "min": 0.00028460325513225004,
            "max": 0.00028460325513225004,
            "count": 1
        },
        "ParkAgent.Policy.LearningRate.sum": {
            "value": 0.0011384130205290002,
            "min": 0.0011384130205290002,
            "max": 0.0011384130205290002,
            "count": 1
        },
        "ParkAgent.Policy.Epsilon.mean": {
            "value": 0.19486775000000006,
            "min": 0.19486775000000006,
            "max": 0.19486775000000006,
            "count": 1
        },
        "ParkAgent.Policy.Epsilon.sum": {
            "value": 0.7794710000000002,
            "min": 0.7794710000000002,
            "max": 0.7794710000000002,
            "count": 1
        },
        "ParkAgent.Policy.Beta.mean": {
            "value": 0.004743900725,
            "min": 0.004743900725,
            "max": 0.004743900725,
            "count": 1
        },
        "ParkAgent.Policy.Beta.sum": {
            "value": 0.0189756029,
            "min": 0.0189756029,
            "max": 0.0189756029,
            "count": 1
        },
        "ParkAgent.IsTraining.mean": {
            "value": 1.0,
            "min": 1.0,
            "max": 1.0,
            "count": 1
        },
        "ParkAgent.IsTraining.sum": {
            "value": 1.0,
            "min": 1.0,
            "max": 1.0,
            "count": 1
        }
    },
    "metadata": {
        "timer_format_version": "0.1.0",
        "start_time_seconds": "1652471762",
        "python_version": "3.9.9 (tags/v3.9.9:ccb0e6a, Nov 15 2021, 18:08:50) [MSC v.1929 64 bit (AMD64)]",
        "command_line_arguments": "C:\\Users\\Szesny\\Desktop\\Unity-AI-Learns-To-Park\\venv\\Scripts\\mlagents-learn --run-id=C26 --time-scale=1",
        "mlagents_version": "0.28.0",
        "mlagents_envs_version": "0.28.0",
        "communication_protocol_version": "1.5.0",
        "pytorch_version": "1.7.1+cu110",
        "numpy_version": "1.22.3",
        "end_time_seconds": "1652472250"
    },
    "total": 488.4711223,
    "count": 1,
    "self": 0.004293399999994563,
    "children": {
        "run_training.setup": {
            "total": 0.020816600000000074,
            "count": 1,
            "self": 0.020816600000000074
        },
        "TrainerController.start_learning": {
            "total": 488.4460123,
            "count": 1,
            "self": 0.8935999999945352,
            "children": {
                "TrainerController._reset_env": {
                    "total": 5.1963829,
                    "count": 1,
                    "self": 5.1963829
                },
                "TrainerController.advance": {
                    "total": 482.2936974000055,
                    "count": 54091,
                    "self": 0.8555537000063964,
                    "children": {
                        "env_step": {
                            "total": 468.1863921000029,
                            "count": 54091,
                            "self": 366.4257666000055,
                            "children": {
                                "SubprocessEnvManager._take_step": {
                                    "total": 101.19408539999557,
                                    "count": 54091,
                                    "self": 2.734577299990434,
                                    "children": {
                                        "TorchPolicy.evaluate": {
                                            "total": 98.45950810000514,
                                            "count": 54091,
                                            "self": 53.453383200006314,
                                            "children": {
                                                "TorchPolicy.sample_actions": {
                                                    "total": 45.006124899998824,
                                                    "count": 54091,
                                                    "self": 45.006124899998824
                                                }
                                            }
                                        }
                                    }
                                },
                                "workers": {
                                    "total": 0.5665401000018013,
                                    "count": 54090,
                                    "self": 0.0,
                                    "children": {
                                        "worker_root": {
                                            "total": 421.8738453000002,
                                            "count": 54090,
                                            "is_parallel": true,
                                            "self": 156.10587869999495,